#-----------------------------------------------------------
# Vivado v2025.2 (64-bit)
# SW Build 6299465 on Fri Nov 14 12:34:56 MST 2025
# IP Build 6300035 on Fri Nov 14 10:48:45 MST 2025
# SharedData Build 6298862 on Thu Nov 13 04:50:51 MST 2025
# Start of session at: Wed Dec 31 00:06:15 2025
# Process ID         : 318753
# Current directory  : /home/jiakuan/projects/my_riscv_core
# Command line       : vivado -mode batch -source build_fpga.tcl
# Log file           : /home/jiakuan/projects/my_riscv_core/vivado.log
# Journal file       : /home/jiakuan/projects/my_riscv_core/vivado.jou
# Running On         : LAPTOP-313KSBNJ
# Platform           : Ubuntu
# Operating System   : Ubuntu 20.04.6 LTS
# Processor Detail   : Intel(R) Core(TM) i7-9750H CPU @ 2.60GHz
# CPU Frequency      : 2591.999 MHz
# CPU Physical cores : 2
# CPU Logical cores  : 4
# Host memory        : 12544 MB
# Swap memory        : 17179 MB
# Total Virtual      : 29724 MB
# Available Virtual  : 27627 MB
#-----------------------------------------------------------
source build_fpga.tcl
# set project_name "bearcore_fpga"
# set part_name "xc7a35tcpg236-1" 
# create_project -force $project_name ./vivado_fpga -part $part_name
create_project: Time (s): cpu = 00:00:08 ; elapsed = 00:00:39 . Memory (MB): peak = 1566.504 ; gain = 90.055 ; free physical = 8788 ; free virtual = 25980
# add_files [glob ./src/*.v]
# add_files -fileset sources_1 ./firmware.hex
# add_files -fileset sim_1 ./firmware.hex
# set_property file_type {Memory File} [get_files ./firmware.hex]
# add_files -fileset constrs_1 ./constraints.xdc
# set_property top core [get_filesets sources_1]
# puts "\n--- \[Vivado\] Starting Synthesis... ---"

--- [Vivado] Starting Synthesis... ---
# launch_runs synth_1 -jobs 4
WARNING: [Vivado 12-7122] Auto Incremental Compile:: No reference checkpoint was found in run synth_1. Auto-incremental flow will not be run, the standard flow will be run instead.
[Wed Dec 31 00:07:19 2025] Launched synth_1...
Run output will be captured here: /home/jiakuan/projects/my_riscv_core/vivado_fpga/bearcore_fpga.runs/synth_1/runme.log
# wait_on_run synth_1
[Wed Dec 31 00:07:19 2025] Waiting for synth_1 to finish...

*** Running vivado
    with args -log core.vds -m64 -product Vivado -mode batch -messageDb vivado.pb -notrace -source core.tcl


****** Vivado v2025.2 (64-bit)
  **** SW Build 6299465 on Fri Nov 14 12:34:56 MST 2025
  **** IP Build 6300035 on Fri Nov 14 10:48:45 MST 2025
  **** SharedData Build 6298862 on Thu Nov 13 04:50:51 MST 2025
  **** Start of session at: Wed Dec 31 00:07:32 2025
    ** Copyright 1986-2022 Xilinx, Inc. All Rights Reserved.
    ** Copyright 2022-2025 Advanced Micro Devices, Inc. All Rights Reserved.

source core.tcl -notrace
create_project: Time (s): cpu = 00:00:09 ; elapsed = 00:00:39 . Memory (MB): peak = 1548.859 ; gain = 79.055 ; free physical = 8290 ; free virtual = 25492
Command: synth_design -top core -part xc7a35tcpg236-1
Starting synth_design
Attempting to get a license for feature 'Synthesis' and/or device 'xc7a35t'
INFO: [Common 17-349] Got license for feature 'Synthesis' and/or device 'xc7a35t'
INFO: [Device 21-403] Loading part xc7a35tcpg236-1
INFO: [Synth 8-7079] Multithreading enabled for synth_design using a maximum of 7 processes.
INFO: [Synth 8-7078] Launching helper process for spawning children vivado processes
INFO: [Synth 8-7075] Helper process launched with PID 319793
---------------------------------------------------------------------------------
Starting RTL Elaboration : Time (s): cpu = 00:00:04 ; elapsed = 00:00:06 . Memory (MB): peak = 2182.133 ; gain = 481.156 ; free physical = 7635 ; free virtual = 24849
---------------------------------------------------------------------------------
WARNING: [Synth 8-11065] parameter 'BIT_PERIOD' becomes localparam in 'uart_tx' with formal parameter declaration list [/home/jiakuan/projects/my_riscv_core/src/uart_tx.v:14]
INFO: [Synth 8-11241] undeclared symbol 'is_rom_data_access', assumed default net type 'wire' [/home/jiakuan/projects/my_riscv_core/src/core.v:599]
WARNING: [Synth 8-6901] identifier 'uart_rx_ready' is used before its declaration [/home/jiakuan/projects/my_riscv_core/src/core.v:83]
WARNING: [Synth 8-6901] identifier 'reg_uart_ie' is used before its declaration [/home/jiakuan/projects/my_riscv_core/src/core.v:83]
WARNING: [Synth 8-6901] identifier 'reg_uart_ie' is used before its declaration [/home/jiakuan/projects/my_riscv_core/src/core.v:84]
WARNING: [Synth 8-6901] identifier 'tx_test_en' is used before its declaration [/home/jiakuan/projects/my_riscv_core/src/core.v:86]
WARNING: [Synth 8-6901] identifier 'mstatus_mie' is used before its declaration [/home/jiakuan/projects/my_riscv_core/src/core.v:86]
WARNING: [Synth 8-6901] identifier 'timer_int_final' is used before its declaration [/home/jiakuan/projects/my_riscv_core/src/core.v:88]
WARNING: [Synth 8-6901] identifier 'mem_is_uart_ie' is used before its declaration [/home/jiakuan/projects/my_riscv_core/src/core.v:184]
WARNING: [Synth 8-6901] identifier 'mem_final_rdata' is used before its declaration [/home/jiakuan/projects/my_riscv_core/src/core.v:429]
WARNING: [Synth 8-6901] identifier 'csr_rdata_forwarded' is used before its declaration [/home/jiakuan/projects/my_riscv_core/src/core.v:431]
INFO: [Synth 8-6157] synthesizing module 'core' [/home/jiakuan/projects/my_riscv_core/src/core.v:1]
INFO: [Synth 8-6157] synthesizing module 'uart_rx' [/home/jiakuan/projects/my_riscv_core/src/uart_rx.v:1]
	Parameter CLK_FREQ bound to: 100000000 - type: integer 
	Parameter BAUD_RATE bound to: 1152000 - type: integer 
INFO: [Synth 8-226] default block is never used [/home/jiakuan/projects/my_riscv_core/src/uart_rx.v:50]
INFO: [Synth 8-6155] done synthesizing module 'uart_rx' (0#1) [/home/jiakuan/projects/my_riscv_core/src/uart_rx.v:1]
INFO: [Synth 8-6157] synthesizing module 'rom' [/home/jiakuan/projects/my_riscv_core/src/rom.v:1]
WARNING: [Synth 8-11581] system function call 'test$plusargs' not supported [/home/jiakuan/projects/my_riscv_core/src/rom.v:28]
INFO: [Synth 8-3876] $readmem data file 'firmware.hex' is read successfully [/home/jiakuan/projects/my_riscv_core/src/rom.v:31]
WARNING: [Synth 8-11581] system function call 'test$plusargs' not supported [/home/jiakuan/projects/my_riscv_core/src/rom.v:34]
INFO: [Synth 8-6155] done synthesizing module 'rom' (0#1) [/home/jiakuan/projects/my_riscv_core/src/rom.v:1]
INFO: [Synth 8-6157] synthesizing module 'decoder' [/home/jiakuan/projects/my_riscv_core/src/decoder.v:1]
INFO: [Synth 8-226] default block is never used [/home/jiakuan/projects/my_riscv_core/src/decoder.v:193]
INFO: [Synth 8-6155] done synthesizing module 'decoder' (0#1) [/home/jiakuan/projects/my_riscv_core/src/decoder.v:1]
INFO: [Synth 8-6157] synthesizing module 'csr_registers' [/home/jiakuan/projects/my_riscv_core/src/csr_registers.v:1]
INFO: [Synth 8-6155] done synthesizing module 'csr_registers' (0#1) [/home/jiakuan/projects/my_riscv_core/src/csr_registers.v:1]
INFO: [Synth 8-6157] synthesizing module 'reg_file' [/home/jiakuan/projects/my_riscv_core/src/reg_file.v:1]
INFO: [Synth 8-6155] done synthesizing module 'reg_file' (0#1) [/home/jiakuan/projects/my_riscv_core/src/reg_file.v:1]
INFO: [Synth 8-6157] synthesizing module 'alu' [/home/jiakuan/projects/my_riscv_core/src/alu.v:1]
INFO: [Synth 8-6157] synthesizing module 'div_unit' [/home/jiakuan/projects/my_riscv_core/src/div_unit.v:1]
INFO: [Synth 8-226] default block is never used [/home/jiakuan/projects/my_riscv_core/src/div_unit.v:53]
INFO: [Synth 8-6155] done synthesizing module 'div_unit' (0#1) [/home/jiakuan/projects/my_riscv_core/src/div_unit.v:1]
INFO: [Synth 8-226] default block is never used [/home/jiakuan/projects/my_riscv_core/src/alu.v:67]
INFO: [Synth 8-6155] done synthesizing module 'alu' (0#1) [/home/jiakuan/projects/my_riscv_core/src/alu.v:1]
WARNING: [Synth 8-7071] port 'funct7' of module 'alu' is unconnected for instance 'u_alu' [/home/jiakuan/projects/my_riscv_core/src/core.v:445]
WARNING: [Synth 8-7023] instance 'u_alu' of module 'alu' has 11 connections declared, but only 10 given [/home/jiakuan/projects/my_riscv_core/src/core.v:445]
INFO: [Synth 8-6157] synthesizing module 'data_ram' [/home/jiakuan/projects/my_riscv_core/src/data_ram.v:1]
INFO: [Synth 8-155] case statement is not full and has no default [/home/jiakuan/projects/my_riscv_core/src/data_ram.v:59]
INFO: [Synth 8-6155] done synthesizing module 'data_ram' (0#1) [/home/jiakuan/projects/my_riscv_core/src/data_ram.v:1]
INFO: [Synth 8-6157] synthesizing module 'uart_tx' [/home/jiakuan/projects/my_riscv_core/src/uart_tx.v:1]
	Parameter CLK_FREQ bound to: 100000000 - type: integer 
	Parameter BAUD_RATE bound to: 1152000 - type: integer 
INFO: [Synth 8-6155] done synthesizing module 'uart_tx' (0#1) [/home/jiakuan/projects/my_riscv_core/src/uart_tx.v:1]
INFO: [Synth 8-6155] done synthesizing module 'core' (0#1) [/home/jiakuan/projects/my_riscv_core/src/core.v:1]
WARNING: [Synth 8-6014] Unused sequential element temp_a_reg was removed.  [/home/jiakuan/projects/my_riscv_core/src/div_unit.v:49]
WARNING: [Synth 8-7137] Register tx_data_reg in module uart_tx has both Set and reset with same priority. This may cause simulation mismatches. Consider rewriting code  [/home/jiakuan/projects/my_riscv_core/src/uart_tx.v:51]
WARNING: [Synth 8-6014] Unused sequential element ex_is_lui_reg was removed.  [/home/jiakuan/projects/my_riscv_core/src/core.v:381]
WARNING: [Synth 8-6014] Unused sequential element ex_is_system_reg was removed.  [/home/jiakuan/projects/my_riscv_core/src/core.v:385]
WARNING: [Synth 8-6014] Unused sequential element mem_is_system_reg was removed.  [/home/jiakuan/projects/my_riscv_core/src/core.v:480]
WARNING: [Synth 8-6014] Unused sequential element cycle_cnt_reg was removed.  [/home/jiakuan/projects/my_riscv_core/src/core.v:566]
WARNING: [Synth 8-6014] Unused sequential element inst_cnt_reg was removed.  [/home/jiakuan/projects/my_riscv_core/src/core.v:566]
WARNING: [Synth 8-6014] Unused sequential element wb_is_system_reg was removed.  [/home/jiakuan/projects/my_riscv_core/src/core.v:669]
WARNING: [Synth 8-6014] Unused sequential element wb_csr_op_reg was removed.  [/home/jiakuan/projects/my_riscv_core/src/core.v:670]
WARNING: [Synth 8-6014] Unused sequential element wb_csr_use_imm_reg was removed.  [/home/jiakuan/projects/my_riscv_core/src/core.v:671]
WARNING: [Synth 8-6014] Unused sequential element wb_valid_reg was removed.  [/home/jiakuan/projects/my_riscv_core/src/core.v:673]
WARNING: [Synth 8-7137] Register ex_imm_reg in module core has both Set and reset with same priority. This may cause simulation mismatches. Consider rewriting code  [/home/jiakuan/projects/my_riscv_core/src/core.v:411]
WARNING: [Synth 8-7137] Register ex_rs1_addr_reg in module core has both Set and reset with same priority. This may cause simulation mismatches. Consider rewriting code  [/home/jiakuan/projects/my_riscv_core/src/core.v:412]
WARNING: [Synth 8-7137] Register ex_rs2_addr_reg in module core has both Set and reset with same priority. This may cause simulation mismatches. Consider rewriting code  [/home/jiakuan/projects/my_riscv_core/src/core.v:412]
WARNING: [Synth 8-7137] Register ex_alu_src_b_reg in module core has both Set and reset with same priority. This may cause simulation mismatches. Consider rewriting code  [/home/jiakuan/projects/my_riscv_core/src/core.v:414]
WARNING: [Synth 8-7137] Register ex_rdata1_reg in module core has both Set and reset with same priority. This may cause simulation mismatches. Consider rewriting code  [/home/jiakuan/projects/my_riscv_core/src/core.v:418]
WARNING: [Synth 8-7137] Register ex_rdata2_reg in module core has both Set and reset with same priority. This may cause simulation mismatches. Consider rewriting code  [/home/jiakuan/projects/my_riscv_core/src/core.v:418]
WARNING: [Synth 8-7137] Register mem_csr_wdata_reg in module core has both Set and reset with same priority. This may cause simulation mismatches. Consider rewriting code  [/home/jiakuan/projects/my_riscv_core/src/core.v:503]
WARNING: [Synth 8-7129] Port addr[31] in module data_ram is either unconnected or has no load
WARNING: [Synth 8-7129] Port addr[30] in module data_ram is either unconnected or has no load
WARNING: [Synth 8-7129] Port addr[29] in module data_ram is either unconnected or has no load
WARNING: [Synth 8-7129] Port addr[28] in module data_ram is either unconnected or has no load
WARNING: [Synth 8-7129] Port addr[27] in module data_ram is either unconnected or has no load
WARNING: [Synth 8-7129] Port addr[26] in module data_ram is either unconnected or has no load
WARNING: [Synth 8-7129] Port addr[25] in module data_ram is either unconnected or has no load
WARNING: [Synth 8-7129] Port addr[24] in module data_ram is either unconnected or has no load
WARNING: [Synth 8-7129] Port addr[23] in module data_ram is either unconnected or has no load
WARNING: [Synth 8-7129] Port addr[22] in module data_ram is either unconnected or has no load
WARNING: [Synth 8-7129] Port addr[21] in module data_ram is either unconnected or has no load
WARNING: [Synth 8-7129] Port addr[20] in module data_ram is either unconnected or has no load
WARNING: [Synth 8-7129] Port addr[19] in module data_ram is either unconnected or has no load
WARNING: [Synth 8-7129] Port addr[18] in module data_ram is either unconnected or has no load
WARNING: [Synth 8-7129] Port addr[17] in module data_ram is either unconnected or has no load
WARNING: [Synth 8-7129] Port addr[16] in module data_ram is either unconnected or has no load
WARNING: [Synth 8-7129] Port funct3[2] in module alu is either unconnected or has no load
WARNING: [Synth 8-7129] Port funct3[1] in module alu is either unconnected or has no load
WARNING: [Synth 8-7129] Port funct7[6] in module alu is either unconnected or has no load
WARNING: [Synth 8-7129] Port funct7[5] in module alu is either unconnected or has no load
WARNING: [Synth 8-7129] Port funct7[4] in module alu is either unconnected or has no load
WARNING: [Synth 8-7129] Port funct7[3] in module alu is either unconnected or has no load
WARNING: [Synth 8-7129] Port funct7[2] in module alu is either unconnected or has no load
WARNING: [Synth 8-7129] Port funct7[1] in module alu is either unconnected or has no load
WARNING: [Synth 8-7129] Port funct7[0] in module alu is either unconnected or has no load
WARNING: [Synth 8-7129] Port csr_op[1] in module csr_registers is either unconnected or has no load
WARNING: [Synth 8-7129] Port csr_op[0] in module csr_registers is either unconnected or has no load
WARNING: [Synth 8-7129] Port csr_use_imm in module csr_registers is either unconnected or has no load
---------------------------------------------------------------------------------
Finished RTL Elaboration : Time (s): cpu = 00:00:07 ; elapsed = 00:00:10 . Memory (MB): peak = 2316.344 ; gain = 615.367 ; free physical = 7235 ; free virtual = 24460
---------------------------------------------------------------------------------
---------------------------------------------------------------------------------
Start Handling Custom Attributes
---------------------------------------------------------------------------------
---------------------------------------------------------------------------------
Finished Handling Custom Attributes : Time (s): cpu = 00:00:07 ; elapsed = 00:00:10 . Memory (MB): peak = 2334.156 ; gain = 633.180 ; free physical = 7173 ; free virtual = 24399
---------------------------------------------------------------------------------
---------------------------------------------------------------------------------
Finished RTL Optimization Phase 1 : Time (s): cpu = 00:00:07 ; elapsed = 00:00:10 . Memory (MB): peak = 2334.156 ; gain = 633.180 ; free physical = 7173 ; free virtual = 24399
---------------------------------------------------------------------------------
Netlist sorting complete. Time (s): cpu = 00:00:00.03 ; elapsed = 00:00:00.03 . Memory (MB): peak = 2334.156 ; gain = 0.000 ; free physical = 7304 ; free virtual = 24531
INFO: [Project 1-570] Preparing netlist for logic optimization

Processing XDC Constraints
Initializing timing engine
Parsing XDC File [/home/jiakuan/projects/my_riscv_core/constraints.xdc]
Finished Parsing XDC File [/home/jiakuan/projects/my_riscv_core/constraints.xdc]
INFO: [Project 1-236] Implementation specific constraints were found while reading constraint file [/home/jiakuan/projects/my_riscv_core/constraints.xdc]. These constraints will be ignored for synthesis but will be used in implementation. Impacted constraints are listed in the file [.Xil/core_propImpl.xdc].
Resolution: To avoid this warning, move constraints listed in [.Xil/core_propImpl.xdc] to another XDC file and exclude this new file from synthesis with the used_in_synthesis property (File Properties dialog in GUI) and re-run elaboration/synthesis.
Completed Processing XDC Constraints

Netlist sorting complete. Time (s): cpu = 00:00:00 ; elapsed = 00:00:00 . Memory (MB): peak = 2438.926 ; gain = 0.000 ; free physical = 7266 ; free virtual = 24505
INFO: [Project 1-111] Unisim Transformation Summary:
No Unisim elements were transformed.

Constraint Validation Runtime : Time (s): cpu = 00:00:00.01 ; elapsed = 00:00:00.01 . Memory (MB): peak = 2438.961 ; gain = 0.000 ; free physical = 7265 ; free virtual = 24505
---------------------------------------------------------------------------------
Finished Constraint Validation : Time (s): cpu = 00:00:14 ; elapsed = 00:00:19 . Memory (MB): peak = 2438.961 ; gain = 737.984 ; free physical = 7256 ; free virtual = 24497
---------------------------------------------------------------------------------
---------------------------------------------------------------------------------
Start Loading Part and Timing Information
---------------------------------------------------------------------------------
Loading part: xc7a35tcpg236-1
---------------------------------------------------------------------------------
Finished Loading Part and Timing Information : Time (s): cpu = 00:00:14 ; elapsed = 00:00:19 . Memory (MB): peak = 2446.930 ; gain = 745.953 ; free physical = 7256 ; free virtual = 24497
---------------------------------------------------------------------------------
---------------------------------------------------------------------------------
Start Applying 'set_property' XDC Constraints
---------------------------------------------------------------------------------
---------------------------------------------------------------------------------
Finished applying 'set_property' XDC Constraints : Time (s): cpu = 00:00:14 ; elapsed = 00:00:19 . Memory (MB): peak = 2446.930 ; gain = 745.953 ; free physical = 7256 ; free virtual = 24497
---------------------------------------------------------------------------------
INFO: [Synth 8-802] inferred FSM for state register 'state_reg' in module 'uart_rx'
INFO: [Synth 8-802] inferred FSM for state register 'state_reg' in module 'div_unit'
---------------------------------------------------------------------------------------------------
                   State |                     New Encoding |                Previous Encoding 
---------------------------------------------------------------------------------------------------
                    IDLE |                               00 |                               00
                   START |                               01 |                               01
                    DATA |                               10 |                               10
                    STOP |                               11 |                               11
---------------------------------------------------------------------------------------------------
INFO: [Synth 8-3354] encoded FSM with state register 'state_reg' using encoding 'sequential' in module 'uart_rx'
---------------------------------------------------------------------------------------------------
                   State |                     New Encoding |                Previous Encoding 
---------------------------------------------------------------------------------------------------
                    IDLE |                             0001 |                               00
                    CALC |                             0010 |                               01
                SIGN_FIX |                             0100 |                               10
                    DONE |                             1000 |                               11
---------------------------------------------------------------------------------------------------
INFO: [Synth 8-3354] encoded FSM with state register 'state_reg' using encoding 'one-hot' in module 'div_unit'
---------------------------------------------------------------------------------
Finished RTL Optimization Phase 2 : Time (s): cpu = 00:00:16 ; elapsed = 00:00:21 . Memory (MB): peak = 2446.930 ; gain = 745.953 ; free physical = 7238 ; free virtual = 24486
---------------------------------------------------------------------------------
---------------------------------------------------------------------------------
Start RTL Component Statistics 
---------------------------------------------------------------------------------
Detailed RTL Component Info : 
+---Adders : 
	   2 Input   64 Bit       Adders := 1     
	   2 Input   32 Bit       Adders := 10    
	   3 Input   32 Bit       Adders := 2     
	   2 Input    7 Bit       Adders := 1     
	   2 Input    6 Bit       Adders := 1     
	   2 Input    4 Bit       Adders := 2     
	   2 Input    3 Bit       Adders := 1     
+---XORs : 
	   2 Input     32 Bit         XORs := 1     
	   2 Input      1 Bit         XORs := 1     
+---Registers : 
	               64 Bit    Registers := 2     
	               32 Bit    Registers := 58    
	               16 Bit    Registers := 1     
	               12 Bit    Registers := 3     
	                8 Bit    Registers := 2     
	                6 Bit    Registers := 1     
	                5 Bit    Registers := 5     
	                4 Bit    Registers := 3     
	                3 Bit    Registers := 3     
	                2 Bit    Registers := 2     
	                1 Bit    Registers := 35    
+---Multipliers : 
	              32x32  Multipliers := 1     
	              32x33  Multipliers := 1     
+---RAMs : 
	             512K Bit	(16384 X 32 bit)          RAMs := 1     
+---Muxes : 
	   2 Input   64 Bit        Muxes := 3     
	   4 Input   64 Bit        Muxes := 1     
	   4 Input   32 Bit        Muxes := 4     
	   2 Input   32 Bit        Muxes := 43    
	   6 Input   32 Bit        Muxes := 1     
	   5 Input   32 Bit        Muxes := 1     
	   2 Input   16 Bit        Muxes := 2     
	   2 Input   12 Bit        Muxes := 1     
	   4 Input    8 Bit        Muxes := 3     
	  16 Input    8 Bit        Muxes := 1     
	   2 Input    8 Bit        Muxes := 1     
	   2 Input    7 Bit        Muxes := 2     
	   4 Input    6 Bit        Muxes := 1     
	   2 Input    5 Bit        Muxes := 3     
	   7 Input    4 Bit        Muxes := 1     
	   2 Input    4 Bit        Muxes := 12    
	   8 Input    4 Bit        Muxes := 1     
	   4 Input    4 Bit        Muxes := 1     
	   4 Input    3 Bit        Muxes := 1     
	   2 Input    3 Bit        Muxes := 1     
	   4 Input    2 Bit        Muxes := 1     
	   2 Input    2 Bit        Muxes := 2     
	   8 Input    2 Bit        Muxes := 1     
	   2 Input    1 Bit        Muxes := 68    
	   4 Input    1 Bit        Muxes := 12    
	   7 Input    1 Bit        Muxes := 1     
	  15 Input    1 Bit        Muxes := 2     
---------------------------------------------------------------------------------
Finished RTL Component Statistics 
---------------------------------------------------------------------------------
---------------------------------------------------------------------------------
Start Part Resource Summary
---------------------------------------------------------------------------------
Part Resources:
DSPs: 90 (col length:60)
BRAMs: 100 (col length: RAMB18 60 RAMB36 30)
---------------------------------------------------------------------------------
Finished Part Resource Summary
---------------------------------------------------------------------------------
---------------------------------------------------------------------------------
Start Cross Boundary and Area Optimization
---------------------------------------------------------------------------------
DSP Report: Generating DSP full_mul_ss, operation Mode is: A*B.
DSP Report: operator full_mul_ss is absorbed into DSP full_mul_ss.
DSP Report: operator full_mul_ss is absorbed into DSP full_mul_ss.
DSP Report: Generating DSP full_mul_ss, operation Mode is: (PCIN>>17)+A*B.
DSP Report: operator full_mul_ss is absorbed into DSP full_mul_ss.
DSP Report: operator full_mul_ss is absorbed into DSP full_mul_ss.
DSP Report: Generating DSP full_mul_ss, operation Mode is: A*B.
DSP Report: operator full_mul_ss is absorbed into DSP full_mul_ss.
DSP Report: operator full_mul_ss is absorbed into DSP full_mul_ss.
DSP Report: Generating DSP full_mul_ss, operation Mode is: (PCIN>>17)+A*B.
DSP Report: operator full_mul_ss is absorbed into DSP full_mul_ss.
DSP Report: operator full_mul_ss is absorbed into DSP full_mul_ss.
DSP Report: Generating DSP full_mul_uu, operation Mode is: A*B.
DSP Report: operator full_mul_uu is absorbed into DSP full_mul_uu.
DSP Report: operator full_mul_uu is absorbed into DSP full_mul_uu.
DSP Report: Generating DSP full_mul_uu, operation Mode is: (PCIN>>17)+A*B.
DSP Report: operator full_mul_uu is absorbed into DSP full_mul_uu.
DSP Report: operator full_mul_uu is absorbed into DSP full_mul_uu.
DSP Report: Generating DSP full_mul_uu, operation Mode is: A*B.
DSP Report: operator full_mul_uu is absorbed into DSP full_mul_uu.
DSP Report: operator full_mul_uu is absorbed into DSP full_mul_uu.
DSP Report: Generating DSP full_mul_uu, operation Mode is: (PCIN>>17)+A*B.
DSP Report: operator full_mul_uu is absorbed into DSP full_mul_uu.
DSP Report: operator full_mul_uu is absorbed into DSP full_mul_uu.
DSP Report: Generating DSP full_mul_su, operation Mode is: A*B.
DSP Report: operator full_mul_su is absorbed into DSP full_mul_su.
DSP Report: operator full_mul_su is absorbed into DSP full_mul_su.
DSP Report: Generating DSP full_mul_su, operation Mode is: (PCIN>>17)+A*B.
DSP Report: operator full_mul_su is absorbed into DSP full_mul_su.
DSP Report: operator full_mul_su is absorbed into DSP full_mul_su.
DSP Report: Generating DSP full_mul_su, operation Mode is: A*B.
DSP Report: operator full_mul_su is absorbed into DSP full_mul_su.
DSP Report: operator full_mul_su is absorbed into DSP full_mul_su.
DSP Report: Generating DSP full_mul_su, operation Mode is: (PCIN>>17)+A*B.
DSP Report: operator full_mul_su is absorbed into DSP full_mul_su.
DSP Report: operator full_mul_su is absorbed into DSP full_mul_su.
WARNING: [Synth 8-7129] Port addr[31] in module data_ram is either unconnected or has no load
WARNING: [Synth 8-7129] Port addr[30] in module data_ram is either unconnected or has no load
WARNING: [Synth 8-7129] Port addr[29] in module data_ram is either unconnected or has no load
WARNING: [Synth 8-7129] Port addr[28] in module data_ram is either unconnected or has no load
WARNING: [Synth 8-7129] Port addr[27] in module data_ram is either unconnected or has no load
WARNING: [Synth 8-7129] Port addr[26] in module data_ram is either unconnected or has no load
WARNING: [Synth 8-7129] Port addr[25] in module data_ram is either unconnected or has no load
WARNING: [Synth 8-7129] Port addr[24] in module data_ram is either unconnected or has no load
WARNING: [Synth 8-7129] Port addr[23] in module data_ram is either unconnected or has no load
WARNING: [Synth 8-7129] Port addr[22] in module data_ram is either unconnected or has no load
WARNING: [Synth 8-7129] Port addr[21] in module data_ram is either unconnected or has no load
WARNING: [Synth 8-7129] Port addr[20] in module data_ram is either unconnected or has no load
WARNING: [Synth 8-7129] Port addr[19] in module data_ram is either unconnected or has no load
WARNING: [Synth 8-7129] Port addr[18] in module data_ram is either unconnected or has no load
WARNING: [Synth 8-7129] Port addr[17] in module data_ram is either unconnected or has no load
WARNING: [Synth 8-7129] Port addr[16] in module data_ram is either unconnected or has no load
WARNING: [Synth 8-7129] Port funct3[2] in module alu is either unconnected or has no load
WARNING: [Synth 8-7129] Port funct3[1] in module alu is either unconnected or has no load
WARNING: [Synth 8-7129] Port funct7[6] in module alu is either unconnected or has no load
WARNING: [Synth 8-7129] Port funct7[5] in module alu is either unconnected or has no load
WARNING: [Synth 8-7129] Port funct7[4] in module alu is either unconnected or has no load
WARNING: [Synth 8-7129] Port funct7[3] in module alu is either unconnected or has no load
WARNING: [Synth 8-7129] Port funct7[2] in module alu is either unconnected or has no load
WARNING: [Synth 8-7129] Port funct7[1] in module alu is either unconnected or has no load
WARNING: [Synth 8-7129] Port funct7[0] in module alu is either unconnected or has no load
WARNING: [Synth 8-7129] Port csr_op[1] in module csr_registers is either unconnected or has no load
WARNING: [Synth 8-7129] Port csr_op[0] in module csr_registers is either unconnected or has no load
WARNING: [Synth 8-7129] Port csr_use_imm in module csr_registers is either unconnected or has no load
WARNING: [Synth 8-7129] Port addr[1] in module rom is either unconnected or has no load
WARNING: [Synth 8-7129] Port addr[0] in module rom is either unconnected or has no load
WARNING: [Synth 8-7129] Port data_addr[1] in module rom is either unconnected or has no load
WARNING: [Synth 8-7129] Port data_addr[0] in module rom is either unconnected or has no load
WARNING: [Synth 8-6850] RAM (memory_reg) has partial Byte Wide Write Enable pattern with ram_style = "block", however no output register found in fanout of RAM. Recommended to use supported Byte Wide Write Enable template. 
WARNING: [Synth 8-6849] Infeasible attribute ram_style = "block" set for RAM "u_ram/memory_reg",trying to implement using LUTRAM
WARNING: [Synth 8-6849] Infeasible attribute ram_style = "block" set for RAM "u_ram/memory_reg",trying to implement using LUTRAM
---------------------------------------------------------------------------------
Finished Cross Boundary and Area Optimization : Time (s): cpu = 00:02:11 ; elapsed = 00:02:17 . Memory (MB): peak = 2747.930 ; gain = 1046.953 ; free physical = 6876 ; free virtual = 24144
---------------------------------------------------------------------------------
 Sort Area is  full_mul_su_0 : 0 0 : 3101 5879 : Used 1 time 0
 Sort Area is  full_mul_su_0 : 0 1 : 2778 5879 : Used 1 time 0
 Sort Area is  full_mul_uu_6 : 0 0 : 3101 5879 : Used 1 time 0
 Sort Area is  full_mul_uu_6 : 0 1 : 2778 5879 : Used 1 time 0
 Sort Area is  full_mul_uu_7 : 0 0 : 2759 5418 : Used 1 time 0
 Sort Area is  full_mul_uu_7 : 0 1 : 2659 5418 : Used 1 time 0
 Sort Area is  full_mul_ss_a : 0 0 : 3101 5261 : Used 1 time 0
 Sort Area is  full_mul_ss_a : 0 1 : 2160 5261 : Used 1 time 0
 Sort Area is  full_mul_su_3 : 0 0 : 2634 5177 : Used 1 time 0
 Sort Area is  full_mul_su_3 : 0 1 : 2543 5177 : Used 1 time 0
 Sort Area is  full_mul_ss_c : 0 0 : 2634 4434 : Used 1 time 0
 Sort Area is  full_mul_ss_c : 0 1 : 1800 4434 : Used 1 time 0
---------------------------------------------------------------------------------
Start ROM, RAM, DSP, Shift Register and Retiming Reporting
---------------------------------------------------------------------------------

ROM: Preliminary Mapping Report
+------------+------------+---------------+----------------+
|Module Name | RTL Object | Depth x Width | Implemented As | 
+------------+------------+---------------+----------------+
|rom         | mem        | 16384x32      | LUT            | 
|rom         | mem        | 16384x32      | LUT            | 
|rom         | p_0_out    | 16384x32      | LUT            | 
+------------+------------+---------------+----------------+


Distributed RAM: Preliminary Mapping Report (see note below)
+------------+------------+-----------+----------------------+-------------------+
|Module Name | RTL Object | Inference | Size (Depth x Width) | Primitives        | 
+------------+------------+-----------+----------------------+-------------------+
|u_ram       | memory_reg | Implied   | 16 K x 32            | RAM256X1S x 2048  | 
+------------+------------+-----------+----------------------+-------------------+

Note: The table above is a preliminary report that shows the Distributed RAMs at the current stage of the synthesis flow. Some Distributed RAMs may be reimplemented as non Distributed RAM primitives later in the synthesis flow. Multiple instantiated RAMs are reported only once.

DSP: Preliminary Mapping Report (see note below. The ' indicates corresponding REG is set)
+------------+----------------+--------+--------+--------+--------+--------+------+------+------+------+-------+------+------+
|Module Name | DSP Mapping    | A Size | B Size | C Size | D Size | P Size | AREG | BREG | CREG | DREG | ADREG | MREG | PREG | 
+------------+----------------+--------+--------+--------+--------+--------+------+------+------+------+-------+------+------+
|alu         | A*B            | 18     | 15     | -      | -      | 48     | 0    | 0    | -    | -    | -     | 0    | 0    | 
|alu         | (PCIN>>17)+A*B | 15     | 15     | -      | -      | 30     | 0    | 0    | -    | -    | -     | 0    | 0    | 
|alu         | A*B            | 18     | 18     | -      | -      | 48     | 0    | 0    | -    | -    | -     | 0    | 0    | 
|alu         | (PCIN>>17)+A*B | 18     | 15     | -      | -      | 47     | 0    | 0    | -    | -    | -     | 0    | 0    | 
|alu         | A*B            | 18     | 16     | -      | -      | 48     | 0    | 0    | -    | -    | -     | 0    | 0    | 
|alu         | (PCIN>>17)+A*B | 16     | 16     | -      | -      | 48     | 0    | 0    | -    | -    | -     | 0    | 0    | 
|alu         | A*B            | 18     | 18     | -      | -      | 48     | 0    | 0    | -    | -    | -     | 0    | 0    | 
|alu         | (PCIN>>17)+A*B | 18     | 16     | -      | -      | 48     | 0    | 0    | -    | -    | -     | 0    | 0    | 
|alu         | A*B            | 18     | 15     | -      | -      | 48     | 0    | 0    | -    | -    | -     | 0    | 0    | 
|alu         | (PCIN>>17)+A*B | 16     | 15     | -      | -      | 48     | 0    | 0    | -    | -    | -     | 0    | 0    | 
|alu         | A*B            | 18     | 18     | -      | -      | 48     | 0    | 0    | -    | -    | -     | 0    | 0    | 
|alu         | (PCIN>>17)+A*B | 18     | 16     | -      | -      | 48     | 0    | 0    | -    | -    | -     | 0    | 0    | 
+------------+----------------+--------+--------+--------+--------+--------+------+------+------+------+-------+------+------+

Note: The table above is a preliminary report that shows the DSPs inferred at the current stage of the synthesis flow. Some DSP may be reimplemented as non DSP primitives later in the synthesis flow. Multiple instantiated DSPs are reported only once.
---------------------------------------------------------------------------------
Finished ROM, RAM, DSP, Shift Register and Retiming Reporting
---------------------------------------------------------------------------------
---------------------------------------------------------------------------------
Start Applying XDC Timing Constraints
---------------------------------------------------------------------------------
---------------------------------------------------------------------------------
Finished Applying XDC Timing Constraints : Time (s): cpu = 00:02:17 ; elapsed = 00:02:23 . Memory (MB): peak = 2747.930 ; gain = 1046.953 ; free physical = 6887 ; free virtual = 24156
---------------------------------------------------------------------------------
---------------------------------------------------------------------------------
Start Timing Optimization
---------------------------------------------------------------------------------
---------------------------------------------------------------------------------
Finished Timing Optimization : Time (s): cpu = 00:02:32 ; elapsed = 00:02:39 . Memory (MB): peak = 2763.938 ; gain = 1062.961 ; free physical = 6868 ; free virtual = 24137
---------------------------------------------------------------------------------
---------------------------------------------------------------------------------
Start ROM, RAM, DSP, Shift Register and Retiming Reporting
---------------------------------------------------------------------------------

Distributed RAM: Final Mapping Report
+------------+------------+-----------+----------------------+-------------------+
|Module Name | RTL Object | Inference | Size (Depth x Width) | Primitives        | 
+------------+------------+-----------+----------------------+-------------------+
|u_ram       | memory_reg | Implied   | 16 K x 32            | RAM256X1S x 2048  | 
+------------+------------+-----------+----------------------+-------------------+

---------------------------------------------------------------------------------
Finished ROM, RAM, DSP, Shift Register and Retiming Reporting
---------------------------------------------------------------------------------
---------------------------------------------------------------------------------
Start Technology Mapping
---------------------------------------------------------------------------------
---------------------------------------------------------------------------------
Finished Technology Mapping : Time (s): cpu = 00:02:38 ; elapsed = 00:02:45 . Memory (MB): peak = 2763.938 ; gain = 1062.961 ; free physical = 6871 ; free virtual = 24141
---------------------------------------------------------------------------------
---------------------------------------------------------------------------------
Start IO Insertion
---------------------------------------------------------------------------------
---------------------------------------------------------------------------------
Start Flattening Before IO Insertion
---------------------------------------------------------------------------------
---------------------------------------------------------------------------------
Finished Flattening Before IO Insertion
---------------------------------------------------------------------------------
---------------------------------------------------------------------------------
Start Final Netlist Cleanup
---------------------------------------------------------------------------------
---------------------------------------------------------------------------------
Finished Final Netlist Cleanup
---------------------------------------------------------------------------------
---------------------------------------------------------------------------------
Finished IO Insertion : Time (s): cpu = 00:02:42 ; elapsed = 00:02:49 . Memory (MB): peak = 2839.750 ; gain = 1138.773 ; free physical = 6811 ; free virtual = 24080
---------------------------------------------------------------------------------
---------------------------------------------------------------------------------
Start Renaming Generated Instances
---------------------------------------------------------------------------------
---------------------------------------------------------------------------------
Finished Renaming Generated Instances : Time (s): cpu = 00:02:42 ; elapsed = 00:02:50 . Memory (MB): peak = 2839.750 ; gain = 1138.773 ; free physical = 6811 ; free virtual = 24080
---------------------------------------------------------------------------------
---------------------------------------------------------------------------------
Start Rebuilding User Hierarchy
---------------------------------------------------------------------------------
---------------------------------------------------------------------------------
Finished Rebuilding User Hierarchy : Time (s): cpu = 00:02:43 ; elapsed = 00:02:51 . Memory (MB): peak = 2839.750 ; gain = 1138.773 ; free physical = 6806 ; free virtual = 24076
---------------------------------------------------------------------------------
---------------------------------------------------------------------------------
Start Renaming Generated Ports
---------------------------------------------------------------------------------
---------------------------------------------------------------------------------
Finished Renaming Generated Ports : Time (s): cpu = 00:02:43 ; elapsed = 00:02:51 . Memory (MB): peak = 2839.750 ; gain = 1138.773 ; free physical = 6806 ; free virtual = 24076
---------------------------------------------------------------------------------
---------------------------------------------------------------------------------
Start Handling Custom Attributes
---------------------------------------------------------------------------------
---------------------------------------------------------------------------------
Finished Handling Custom Attributes : Time (s): cpu = 00:02:44 ; elapsed = 00:02:51 . Memory (MB): peak = 2839.750 ; gain = 1138.773 ; free physical = 6806 ; free virtual = 24076
---------------------------------------------------------------------------------
---------------------------------------------------------------------------------
Start Renaming Generated Nets
---------------------------------------------------------------------------------
---------------------------------------------------------------------------------
Finished Renaming Generated Nets : Time (s): cpu = 00:02:44 ; elapsed = 00:02:51 . Memory (MB): peak = 2839.750 ; gain = 1138.773 ; free physical = 6806 ; free virtual = 24076
---------------------------------------------------------------------------------
---------------------------------------------------------------------------------
Start Writing Synthesis Report
---------------------------------------------------------------------------------

DSP Final Report (the ' indicates corresponding REG is set)
+------------+--------------+--------+--------+--------+--------+--------+------+------+------+------+-------+------+------+
|Module Name | DSP Mapping  | A Size | B Size | C Size | D Size | P Size | AREG | BREG | CREG | DREG | ADREG | MREG | PREG | 
+------------+--------------+--------+--------+--------+--------+--------+------+------+------+------+-------+------+------+
|alu         | A*B          | 17     | 18     | -      | -      | 48     | 0    | 0    | -    | -    | -     | 0    | 0    | 
|alu         | PCIN>>17+A*B | 30     | 18     | -      | -      | 30     | 0    | 0    | -    | -    | -     | 0    | 0    | 
|alu         | A*B          | 17     | 17     | -      | -      | 48     | 0    | 0    | -    | -    | -     | 0    | 0    | 
|alu         | PCIN>>17+A*B | 17     | 18     | -      | -      | 47     | 0    | 0    | -    | -    | -     | 0    | 0    | 
|alu         | A*B          | 17     | 15     | -      | -      | 48     | 0    | 0    | -    | -    | -     | 0    | 0    | 
|alu         | PCIN>>17+A*B | 15     | 15     | -      | -      | 48     | 0    | 0    | -    | -    | -     | 0    | 0    | 
|alu         | A*B          | 17     | 17     | -      | -      | 48     | 0    | 0    | -    | -    | -     | 0    | 0    | 
|alu         | PCIN>>17+A*B | 17     | 15     | -      | -      | 48     | 0    | 0    | -    | -    | -     | 0    | 0    | 
|alu         | A*B          | 17     | 18     | -      | -      | 48     | 0    | 0    | -    | -    | -     | 0    | 0    | 
|alu         | PCIN>>17+A*B | 15     | 18     | -      | -      | 48     | 0    | 0    | -    | -    | -     | 0    | 0    | 
|alu         | A*B          | 17     | 17     | -      | -      | 48     | 0    | 0    | -    | -    | -     | 0    | 0    | 
|alu         | PCIN>>17+A*B | 17     | 15     | -      | -      | 48     | 0    | 0    | -    | -    | -     | 0    | 0    | 
+------------+--------------+--------+--------+--------+--------+--------+------+------+------+------+-------+------+------+


Report BlackBoxes: 
+-+--------------+----------+
| |BlackBox name |Instances |
+-+--------------+----------+
+-+--------------+----------+

Report Cell Usage: 
+------+----------+------+
|      |Cell      |Count |
+------+----------+------+
|1     |BUFG      |     1|
|2     |CARRY4    |   172|
|3     |DSP48E1   |    12|
|4     |LUT1      |   109|
|5     |LUT2      |   592|
|6     |LUT3      |   275|
|7     |LUT4      |   491|
|8     |LUT5      |   682|
|9     |LUT6      |  4683|
|10    |MUXF7     |  1350|
|11    |MUXF8     |   575|
|12    |RAM256X1S |  2048|
|13    |FDCE      |  1988|
|14    |FDPE      |    73|
|15    |FDRE      |   135|
|16    |FDSE      |    12|
|17    |IBUF      |     3|
|18    |OBUF      |     1|
+------+----------+------+
---------------------------------------------------------------------------------
Finished Writing Synthesis Report : Time (s): cpu = 00:02:44 ; elapsed = 00:02:51 . Memory (MB): peak = 2839.750 ; gain = 1138.773 ; free physical = 6806 ; free virtual = 24076
---------------------------------------------------------------------------------
Synthesis finished with 0 errors, 0 critical warnings and 35 warnings.
Synthesis Optimization Runtime : Time (s): cpu = 00:02:42 ; elapsed = 00:02:48 . Memory (MB): peak = 2839.750 ; gain = 1033.969 ; free physical = 6806 ; free virtual = 24076
Synthesis Optimization Complete : Time (s): cpu = 00:02:44 ; elapsed = 00:02:51 . Memory (MB): peak = 2839.758 ; gain = 1138.773 ; free physical = 6805 ; free virtual = 24076
INFO: [Project 1-571] Translating synthesized netlist
Netlist sorting complete. Time (s): cpu = 00:00:00.09 ; elapsed = 00:00:00.09 . Memory (MB): peak = 2854.625 ; gain = 0.000 ; free physical = 6956 ; free virtual = 24231
INFO: [Netlist 29-17] Analyzing 4157 Unisim elements for replacement
INFO: [Netlist 29-28] Unisim Transformation completed in 0 CPU seconds
INFO: [Project 1-570] Preparing netlist for logic optimization
INFO: [Opt 31-138] Pushed 0 inverter(s) to 0 load pin(s).
Netlist sorting complete. Time (s): cpu = 00:00:00 ; elapsed = 00:00:00.01 . Memory (MB): peak = 2887.543 ; gain = 0.000 ; free physical = 6939 ; free virtual = 24216
INFO: [Project 1-111] Unisim Transformation Summary:
  A total of 2048 instances were transformed.
  RAM256X1S => RAM256X1S (MUXF7(x2), MUXF8, RAMS64E(x4)): 2048 instances

Synth Design complete | Checksum: 5c335fd2
INFO: [Common 17-83] Releasing license: Synthesis
46 Infos, 95 Warnings, 0 Critical Warnings and 0 Errors encountered.
synth_design completed successfully
synth_design: Time (s): cpu = 00:02:55 ; elapsed = 00:03:11 . Memory (MB): peak = 2887.578 ; gain = 1338.719 ; free physical = 6938 ; free virtual = 24216
INFO: [Common 17-2834] synth_design peak Physical Memory [PSS] (MB): overall = 2203.086; main = 2010.157; forked = 278.438
INFO: [Common 17-2834] synth_design peak Virtual Memory [VSS] (MB): overall = 3825.062; main = 2887.543; forked = 985.312
Write ShapeDB Complete: Time (s): cpu = 00:00:00.13 ; elapsed = 00:00:00.05 . Memory (MB): peak = 2911.555 ; gain = 0.000 ; free physical = 6934 ; free virtual = 24216
INFO: [Common 17-1381] The checkpoint '/home/jiakuan/projects/my_riscv_core/vivado_fpga/bearcore_fpga.runs/synth_1/core.dcp' has been generated.
INFO: [Vivado 12-24828] Executing command : report_utilization -file core_utilization_synth.rpt -pb core_utilization_synth.pb
INFO: [Common 17-206] Exiting Vivado at Wed Dec 31 00:11:44 2025...
[Wed Dec 31 00:11:45 2025] synth_1 finished
wait_on_runs: Time (s): cpu = 00:03:11 ; elapsed = 00:04:25 . Memory (MB): peak = 1566.504 ; gain = 0.000 ; free physical = 8701 ; free virtual = 25964
# if {[get_property PROGRESS [get_runs synth_1]] != "100%"} {
#     puts "❌ Synthesis Failed!"
#     exit 1
# }
# puts "\n--- \[Vivado\] Starting Implementation... ---"

--- [Vivado] Starting Implementation... ---
# launch_runs impl_1 -jobs 4
[Wed Dec 31 00:11:45 2025] Launched impl_1...
Run output will be captured here: /home/jiakuan/projects/my_riscv_core/vivado_fpga/bearcore_fpga.runs/impl_1/runme.log
# wait_on_run impl_1
[Wed Dec 31 00:11:45 2025] Waiting for impl_1 to finish...

*** Running vivado
    with args -log core.vdi -applog -m64 -product Vivado -messageDb vivado.pb -mode batch -source core.tcl -notrace


****** Vivado v2025.2 (64-bit)
  **** SW Build 6299465 on Fri Nov 14 12:34:56 MST 2025
  **** IP Build 6300035 on Fri Nov 14 10:48:45 MST 2025
  **** SharedData Build 6298862 on Thu Nov 13 04:50:51 MST 2025
  **** Start of session at: Wed Dec 31 00:11:58 2025
    ** Copyright 1986-2022 Xilinx, Inc. All Rights Reserved.
    ** Copyright 2022-2025 Advanced Micro Devices, Inc. All Rights Reserved.

source core.tcl -notrace
create_project: Time (s): cpu = 00:00:09 ; elapsed = 00:00:40 . Memory (MB): peak = 1550.855 ; gain = 81.055 ; free physical = 8230 ; free virtual = 25494
Command: link_design -top core -part xc7a35tcpg236-1
Design is defaulting to srcset: sources_1
Design is defaulting to constrset: constrs_1
INFO: [Device 21-403] Loading part xc7a35tcpg236-1
Netlist sorting complete. Time (s): cpu = 00:00:00.04 ; elapsed = 00:00:00.03 . Memory (MB): peak = 1726.770 ; gain = 0.000 ; free physical = 8043 ; free virtual = 25307
INFO: [Netlist 29-17] Analyzing 4157 Unisim elements for replacement
INFO: [Netlist 29-28] Unisim Transformation completed in 0 CPU seconds
INFO: [Project 1-479] Netlist was created with Vivado 2025.2
INFO: [Project 1-570] Preparing netlist for logic optimization
Parsing XDC File [/home/jiakuan/projects/my_riscv_core/constraints.xdc]
Finished Parsing XDC File [/home/jiakuan/projects/my_riscv_core/constraints.xdc]
INFO: [Opt 31-138] Pushed 0 inverter(s) to 0 load pin(s).
Netlist sorting complete. Time (s): cpu = 00:00:00.01 ; elapsed = 00:00:00 . Memory (MB): peak = 1922.328 ; gain = 0.000 ; free physical = 7918 ; free virtual = 25182
INFO: [Project 1-111] Unisim Transformation Summary:
  A total of 2048 instances were transformed.
  RAM256X1S => RAM256X1S (MUXF7(x2), MUXF8, RAMS64E(x4)): 2048 instances

7 Infos, 0 Warnings, 0 Critical Warnings and 0 Errors encountered.
link_design completed successfully
link_design: Time (s): cpu = 00:00:06 ; elapsed = 00:00:18 . Memory (MB): peak = 1922.363 ; gain = 371.508 ; free physical = 7917 ; free virtual = 25181
Command: opt_design
Attempting to get a license for feature 'Implementation' and/or device 'xc7a35t'
INFO: [Common 17-349] Got license for feature 'Implementation' and/or device 'xc7a35t'
Running DRC as a precondition to command opt_design

Starting DRC Task
INFO: [DRC 23-27] Running DRC with 8 threads
INFO: [Project 1-461] DRC finished with 0 Errors
INFO: [Project 1-462] Please refer to the DRC report (report_drc) for more information.

Time (s): cpu = 00:00:00.86 ; elapsed = 00:00:01 . Memory (MB): peak = 1956.047 ; gain = 33.684 ; free physical = 7884 ; free virtual = 25149

Starting Cache Timing Information Task
INFO: [Timing 38-35] Done setting XDC timing constraints.
Ending Cache Timing Information Task | Checksum: 21d5198e9

Time (s): cpu = 00:00:06 ; elapsed = 00:00:07 . Memory (MB): peak = 2471.875 ; gain = 515.828 ; free physical = 7435 ; free virtual = 24701

Starting Logic Optimization Task

Phase 1 Initialization

Phase 1.1 Core Generation And Design Setup
Phase 1.1 Core Generation And Design Setup | Checksum: 21d5198e9

Time (s): cpu = 00:00:00.02 ; elapsed = 00:00:00.03 . Memory (MB): peak = 2846.625 ; gain = 0.000 ; free physical = 7060 ; free virtual = 24326

Phase 1.2 Setup Constraints And Sort Netlist
Phase 1.2 Setup Constraints And Sort Netlist | Checksum: 21d5198e9

Time (s): cpu = 00:00:00.04 ; elapsed = 00:00:00.04 . Memory (MB): peak = 2846.625 ; gain = 0.000 ; free physical = 7060 ; free virtual = 24326
Phase 1 Initialization | Checksum: 21d5198e9

Time (s): cpu = 00:00:00.04 ; elapsed = 00:00:00.04 . Memory (MB): peak = 2846.625 ; gain = 0.000 ; free physical = 7060 ; free virtual = 24326

Phase 2 Timer Update And Timing Data Collection

Phase 2.1 Detect if minReqCache needed
Phase 2.1 Detect if minReqCache needed | Checksum: 21d5198e9

Time (s): cpu = 00:00:00.06 ; elapsed = 00:00:00.08 . Memory (MB): peak = 2846.625 ; gain = 0.000 ; free physical = 7054 ; free virtual = 24320

Phase 2.2 Timer Update
Phase 2.2 Timer Update | Checksum: 21d5198e9

Time (s): cpu = 00:00:01 ; elapsed = 00:00:00.59 . Memory (MB): peak = 2846.625 ; gain = 0.000 ; free physical = 7053 ; free virtual = 24319

Phase 2.3 Timing Data Collection
Phase 2.3 Timing Data Collection | Checksum: 21d5198e9

Time (s): cpu = 00:00:01 ; elapsed = 00:00:00.6 . Memory (MB): peak = 2846.625 ; gain = 0.000 ; free physical = 7052 ; free virtual = 24318
Phase 2 Timer Update And Timing Data Collection | Checksum: 21d5198e9

Time (s): cpu = 00:00:01 ; elapsed = 00:00:00.61 . Memory (MB): peak = 2846.625 ; gain = 0.000 ; free physical = 7052 ; free virtual = 24318

Phase 3 Retarget
INFO: [Opt 31-1851] Number of loadless carry chains removed were: 0
INFO: [Opt 31-1834] Total Chains To Be Transformed Were: 0 AND Number of Transformed insts Created are: 0
INFO: [Opt 31-1566] Pulled 39 inverters resulting in an inversion of 313 pins
INFO: [Opt 31-138] Pushed 0 inverter(s) to 0 load pin(s).
INFO: [Opt 31-49] Retargeted 0 cell(s).
Phase 3 Retarget | Checksum: 2e12274a2

Time (s): cpu = 00:00:02 ; elapsed = 00:00:00.81 . Memory (MB): peak = 2846.625 ; gain = 0.000 ; free physical = 7051 ; free virtual = 24318
Retarget | Checksum: 2e12274a2
INFO: [Opt 31-389] Phase Retarget created 0 cells and removed 41 cells

Phase 4 Constant propagation
INFO: [Opt 31-138] Pushed 0 inverter(s) to 0 load pin(s).
Phase 4 Constant propagation | Checksum: 27ed9f838

Time (s): cpu = 00:00:02 ; elapsed = 00:00:00.89 . Memory (MB): peak = 2846.625 ; gain = 0.000 ; free physical = 7051 ; free virtual = 24318
Constant propagation | Checksum: 27ed9f838
INFO: [Opt 31-389] Phase Constant propagation created 0 cells and removed 0 cells

Phase 5 Sweep
INFO: [Constraints 18-11670] Building netlist checker database with flags, 0x8
Done building netlist checker database: Time (s): cpu = 00:00:00.01 ; elapsed = 00:00:00.01 . Memory (MB): peak = 2846.625 ; gain = 0.000 ; free physical = 7051 ; free virtual = 24318
Phase 5 Sweep | Checksum: 26b6183cd

Time (s): cpu = 00:00:02 ; elapsed = 00:00:01 . Memory (MB): peak = 2846.625 ; gain = 0.000 ; free physical = 7051 ; free virtual = 24318
Sweep | Checksum: 26b6183cd
INFO: [Opt 31-389] Phase Sweep created 1 cells and removed 0 cells

Phase 6 BUFG optimization
Phase 6 BUFG optimization | Checksum: 26b6183cd

Time (s): cpu = 00:00:02 ; elapsed = 00:00:01 . Memory (MB): peak = 2878.641 ; gain = 32.016 ; free physical = 7051 ; free virtual = 24318
BUFG optimization | Checksum: 26b6183cd
INFO: [Opt 31-662] Phase BUFG optimization created 0 cells of which 0 are BUFGs and removed 0 cells.

Phase 7 Shift Register Optimization
INFO: [Opt 31-1064] SRL Remap converted 0 SRLs to 0 registers and converted 0 registers of register chains to 0 SRLs
Phase 7 Shift Register Optimization | Checksum: 26b6183cd

Time (s): cpu = 00:00:02 ; elapsed = 00:00:01 . Memory (MB): peak = 2878.641 ; gain = 32.016 ; free physical = 7051 ; free virtual = 24318
Shift Register Optimization | Checksum: 26b6183cd
INFO: [Opt 31-389] Phase Shift Register Optimization created 0 cells and removed 0 cells

Phase 8 Post Processing Netlist
Phase 8 Post Processing Netlist | Checksum: 2d267962f

Time (s): cpu = 00:00:02 ; elapsed = 00:00:01 . Memory (MB): peak = 2878.641 ; gain = 32.016 ; free physical = 7051 ; free virtual = 24318
Post Processing Netlist | Checksum: 2d267962f
INFO: [Opt 31-389] Phase Post Processing Netlist created 0 cells and removed 0 cells

Phase 9 Finalization

Phase 9.1 Finalizing Design Cores and Updating Shapes
Phase 9.1 Finalizing Design Cores and Updating Shapes | Checksum: 1ab689860

Time (s): cpu = 00:00:03 ; elapsed = 00:00:02 . Memory (MB): peak = 2878.641 ; gain = 32.016 ; free physical = 7051 ; free virtual = 24317

Phase 9.2 Verifying Netlist Connectivity

Starting Connectivity Check Task

Time (s): cpu = 00:00:00.02 ; elapsed = 00:00:00.06 . Memory (MB): peak = 2878.641 ; gain = 0.000 ; free physical = 7051 ; free virtual = 24318
Phase 9.2 Verifying Netlist Connectivity | Checksum: 1ab689860

Time (s): cpu = 00:00:03 ; elapsed = 00:00:02 . Memory (MB): peak = 2878.641 ; gain = 32.016 ; free physical = 7051 ; free virtual = 24318
Phase 9 Finalization | Checksum: 1ab689860

Time (s): cpu = 00:00:03 ; elapsed = 00:00:02 . Memory (MB): peak = 2878.641 ; gain = 32.016 ; free physical = 7051 ; free virtual = 24318
Opt_design Change Summary
=========================


-------------------------------------------------------------------------------------------------------------------------
|  Phase                        |  #Cells created  |  #Cells Removed  |  #Constrained objects preventing optimizations  |
-------------------------------------------------------------------------------------------------------------------------
|  Retarget                     |               0  |              41  |                                              0  |
|  Constant propagation         |               0  |               0  |                                              0  |
|  Sweep                        |               1  |               0  |                                              0  |
|  BUFG optimization            |               0  |               0  |                                              0  |
|  Shift Register Optimization  |               0  |               0  |                                              0  |
|  Post Processing Netlist      |               0  |               0  |                                              0  |
-------------------------------------------------------------------------------------------------------------------------


Ending Logic Optimization Task | Checksum: 1ab689860

Time (s): cpu = 00:00:03 ; elapsed = 00:00:02 . Memory (MB): peak = 2878.641 ; gain = 32.016 ; free physical = 7051 ; free virtual = 24318

Starting Power Optimization Task
INFO: [Pwropt 34-132] Skipping clock gating for clocks with a period < 2.00 ns.
Ending Power Optimization Task | Checksum: 1ab689860

Time (s): cpu = 00:00:00.03 ; elapsed = 00:00:00.03 . Memory (MB): peak = 2878.641 ; gain = 0.000 ; free physical = 7049 ; free virtual = 24316

Starting Final Cleanup Task
Ending Final Cleanup Task | Checksum: 1ab689860

Time (s): cpu = 00:00:00 ; elapsed = 00:00:00.01 . Memory (MB): peak = 2878.641 ; gain = 0.000 ; free physical = 7049 ; free virtual = 24316
Netlist sorting complete. Time (s): cpu = 00:00:00.01 ; elapsed = 00:00:00 . Memory (MB): peak = 2878.641 ; gain = 0.000 ; free physical = 7049 ; free virtual = 24316
INFO: [Common 17-83] Releasing license: Implementation
28 Infos, 0 Warnings, 0 Critical Warnings and 0 Errors encountered.
opt_design completed successfully
opt_design: Time (s): cpu = 00:00:12 ; elapsed = 00:00:13 . Memory (MB): peak = 2878.641 ; gain = 956.277 ; free physical = 7049 ; free virtual = 24316
INFO: [Vivado 12-24828] Executing command : report_drc -file core_drc_opted.rpt -pb core_drc_opted.pb -rpx core_drc_opted.rpx
Command: report_drc -file core_drc_opted.rpt -pb core_drc_opted.pb -rpx core_drc_opted.rpx
INFO: [IP_Flow 19-234] Refreshing IP repositories
INFO: [IP_Flow 19-1704] No user IP repositories specified
INFO: [IP_Flow 19-2313] Loaded Vivado IP repository '/tools/Xilinx/2025.2/data/ip'.
INFO: [DRC 23-27] Running DRC with 8 threads
INFO: [Vivado_Tcl 2-168] The results of DRC are in file /home/jiakuan/projects/my_riscv_core/vivado_fpga/bearcore_fpga.runs/impl_1/core_drc_opted.rpt.
report_drc completed successfully
INFO: [Timing 38-480] Writing timing data to binary archive.
Wrote PlaceDB: Time (s): cpu = 00:00:00.04 ; elapsed = 00:00:00.02 . Memory (MB): peak = 2878.641 ; gain = 0.000 ; free physical = 7048 ; free virtual = 24316
Wrote PulsedLatchDB: Time (s): cpu = 00:00:00 ; elapsed = 00:00:00 . Memory (MB): peak = 2878.641 ; gain = 0.000 ; free physical = 7048 ; free virtual = 24316
Writing XDEF routing.
Writing XDEF routing logical nets.
Writing XDEF routing special nets.
Wrote RouteStorage: Time (s): cpu = 00:00:00.16 ; elapsed = 00:00:00.05 . Memory (MB): peak = 2878.641 ; gain = 0.000 ; free physical = 7047 ; free virtual = 24316
Wrote PlaceStorage: Time (s): cpu = 00:00:00 ; elapsed = 00:00:00 . Memory (MB): peak = 2878.641 ; gain = 0.000 ; free physical = 7047 ; free virtual = 24316
Wrote Netlist Cache: Time (s): cpu = 00:00:00 ; elapsed = 00:00:00 . Memory (MB): peak = 2878.641 ; gain = 0.000 ; free physical = 7047 ; free virtual = 24316
Wrote Device Cache: Time (s): cpu = 00:00:00.01 ; elapsed = 00:00:00.01 . Memory (MB): peak = 2878.641 ; gain = 0.000 ; free physical = 7046 ; free virtual = 24316
Write Physdb Complete: Time (s): cpu = 00:00:00.23 ; elapsed = 00:00:00.08 . Memory (MB): peak = 2878.641 ; gain = 0.000 ; free physical = 7046 ; free virtual = 24316
Write ShapeDB Complete: Time (s): cpu = 00:00:00.28 ; elapsed = 00:00:00.1 . Memory (MB): peak = 2878.641 ; gain = 0.000 ; free physical = 7044 ; free virtual = 24316
INFO: [Common 17-1381] The checkpoint '/home/jiakuan/projects/my_riscv_core/vivado_fpga/bearcore_fpga.runs/impl_1/core_opt.dcp' has been generated.
Command: place_design
Attempting to get a license for feature 'Implementation' and/or device 'xc7a35t'
INFO: [Common 17-349] Got license for feature 'Implementation' and/or device 'xc7a35t'
INFO: [Common 17-83] Releasing license: Implementation
INFO: [DRC 23-27] Running DRC with 8 threads
INFO: [Vivado_Tcl 4-198] DRC finished with 0 Errors
INFO: [Vivado_Tcl 4-199] Please refer to the DRC report (report_drc) for more information.
INFO: [Timing 38-35] Done setting XDC timing constraints.
Running DRC as a precondition to command place_design
INFO: [DRC 23-27] Running DRC with 8 threads
INFO: [Vivado_Tcl 4-198] DRC finished with 0 Errors
INFO: [Vivado_Tcl 4-199] Please refer to the DRC report (report_drc) for more information.
INFO: [Place 30-611] Multithreading enabled for place_design using a maximum of 4 CPUs

Starting Placer Task

Phase 1 Placer Initialization

Phase 1.1 Placer Initialization Netlist Sorting
Netlist sorting complete. Time (s): cpu = 00:00:00.01 ; elapsed = 00:00:00.01 . Memory (MB): peak = 2878.641 ; gain = 0.000 ; free physical = 7036 ; free virtual = 24308
Phase 1.1 Placer Initialization Netlist Sorting | Checksum: 1a1b45daa

Time (s): cpu = 00:00:00.01 ; elapsed = 00:00:00.02 . Memory (MB): peak = 2878.641 ; gain = 0.000 ; free physical = 7036 ; free virtual = 24308
Netlist sorting complete. Time (s): cpu = 00:00:00.01 ; elapsed = 00:00:00 . Memory (MB): peak = 2878.641 ; gain = 0.000 ; free physical = 7036 ; free virtual = 24308

Phase 1.2 IO Placement/ Clock Placement/ Build Placer Device
Phase 1.2 IO Placement/ Clock Placement/ Build Placer Device | Checksum: 16f82896c

Time (s): cpu = 00:00:01 ; elapsed = 00:00:00.95 . Memory (MB): peak = 2878.641 ; gain = 0.000 ; free physical = 7034 ; free virtual = 24310

Phase 1.3 Build Placer Netlist Model
Phase 1.3 Build Placer Netlist Model | Checksum: 1bce853d1

Time (s): cpu = 00:00:11 ; elapsed = 00:00:08 . Memory (MB): peak = 2881.652 ; gain = 3.012 ; free physical = 7028 ; free virtual = 24305

Phase 1.4 Constrain Clocks/Macros
Phase 1.4 Constrain Clocks/Macros | Checksum: 1bce853d1

Time (s): cpu = 00:00:11 ; elapsed = 00:00:08 . Memory (MB): peak = 2881.652 ; gain = 3.012 ; free physical = 7028 ; free virtual = 24306
Phase 1 Placer Initialization | Checksum: 1bce853d1

Time (s): cpu = 00:00:11 ; elapsed = 00:00:08 . Memory (MB): peak = 2881.652 ; gain = 3.012 ; free physical = 7028 ; free virtual = 24306

Phase 2 Global Placement

Phase 2.1 Floorplanning
Phase 2.1 Floorplanning | Checksum: 1d762871d

Time (s): cpu = 00:00:16 ; elapsed = 00:00:10 . Memory (MB): peak = 2881.652 ; gain = 3.012 ; free physical = 7023 ; free virtual = 24301

Phase 2.2 Update Timing before SLR Path Opt
Phase 2.2 Update Timing before SLR Path Opt | Checksum: 2325c1b05

Time (s): cpu = 00:00:20 ; elapsed = 00:00:11 . Memory (MB): peak = 2881.652 ; gain = 3.012 ; free physical = 7030 ; free virtual = 24309

Phase 2.3 Post-Processing in Floorplanning
Phase 2.3 Post-Processing in Floorplanning | Checksum: 2325c1b05

Time (s): cpu = 00:00:21 ; elapsed = 00:00:11 . Memory (MB): peak = 2881.652 ; gain = 3.012 ; free physical = 7030 ; free virtual = 24309

Phase 2.4 Global Place Phase1
Phase 2.4 Global Place Phase1 | Checksum: 10c02f5f1

Time (s): cpu = 00:00:55 ; elapsed = 00:00:29 . Memory (MB): peak = 2881.652 ; gain = 3.012 ; free physical = 6998 ; free virtual = 24278

Phase 2.5 Global Place Phase2

Phase 2.5.1 UpdateTiming Before Physical Synthesis
Phase 2.5.1 UpdateTiming Before Physical Synthesis | Checksum: f7d73594

Time (s): cpu = 00:01:03 ; elapsed = 00:00:32 . Memory (MB): peak = 2881.652 ; gain = 3.012 ; free physical = 7004 ; free virtual = 24284

Phase 2.5.2 Physical Synthesis In Placer
INFO: [Physopt 32-1035] Found 96 LUTNM shape to break, 118 LUT instances to create LUTNM shape
INFO: [Physopt 32-1044] Break lutnm for timing: one critical 12, two critical 84, total 96, new lutff created 0
INFO: [Physopt 32-1138] End 1 Pass. Optimized 144 nets or LUTs. Breaked 96 LUTs, combined 48 existing LUTs and moved 0 existing LUT
INFO: [Physopt 32-1408] Pass 1. Identified 8 candidate nets for high-fanout optimization.
INFO: [Physopt 32-81] Processed net mem_alu_result_reg_n_0_[4]. Replicated 21 times.
INFO: [Physopt 32-81] Processed net mem_alu_result_reg_n_0_[5]. Replicated 18 times.
INFO: [Physopt 32-81] Processed net mem_alu_result_reg_n_0_[3]. Replicated 21 times.
INFO: [Physopt 32-81] Processed net mem_alu_result_reg_n_0_[6]. Replicated 20 times.
INFO: [Physopt 32-81] Processed net mem_alu_result_reg_n_0_[2]. Replicated 19 times.
INFO: [Physopt 32-81] Processed net mem_alu_result_reg_n_0_[9]. Replicated 14 times.
INFO: [Physopt 32-81] Processed net mem_alu_result_reg_n_0_[8]. Replicated 8 times.
INFO: [Physopt 32-232] Optimized 7 nets. Created 121 new instances.
INFO: [Physopt 32-775] End 1 Pass. Optimized 7 nets or cells. Created 121 new cells, deleted 0 existing cell and moved 0 existing cell
Netlist sorting complete. Time (s): cpu = 00:00:00.06 ; elapsed = 00:00:00.05 . Memory (MB): peak = 2881.652 ; gain = 0.000 ; free physical = 6990 ; free virtual = 24274
INFO: [Physopt 32-456] No candidate cells for DSP register optimization found in the design.
INFO: [Physopt 32-775] End 2 Pass. Optimized 0 net or cell. Created 0 new cell, deleted 0 existing cell and moved 0 existing cell
INFO: [Physopt 32-1123] No candidate cells found for Shift Register to Pipeline optimization
INFO: [Physopt 32-775] End 2 Pass. Optimized 0 net or cell. Created 0 new cell, deleted 0 existing cell and moved 0 existing cell
INFO: [Physopt 32-1401] No candidate cells found for Shift Register optimization.
INFO: [Physopt 32-677] No candidate cells for Shift Register optimization found in the design
INFO: [Physopt 32-775] End 1 Pass. Optimized 0 net or cell. Created 0 new cell, deleted 0 existing cell and moved 0 existing cell
INFO: [Physopt 32-526] No candidate cells for BRAM register optimization found in the design
INFO: [Physopt 32-775] End 1 Pass. Optimized 0 net or cell. Created 0 new cell, deleted 0 existing cell and moved 0 existing cell
INFO: [Physopt 32-846] No candidate cells for URAM register optimization found in the design
INFO: [Physopt 32-775] End 1 Pass. Optimized 0 net or cell. Created 0 new cell, deleted 0 existing cell and moved 0 existing cell
INFO: [Physopt 32-846] No candidate cells for URAM register optimization found in the design
INFO: [Physopt 32-775] End 1 Pass. Optimized 0 net or cell. Created 0 new cell, deleted 0 existing cell and moved 0 existing cell
INFO: [Physopt 32-949] No candidate nets found for dynamic/static region interface net replication
INFO: [Physopt 32-775] End 1 Pass. Optimized 0 net or cell. Created 0 new cell, deleted 0 existing cell and moved 0 existing cell
Netlist sorting complete. Time (s): cpu = 00:00:00 ; elapsed = 00:00:00.01 . Memory (MB): peak = 2881.652 ; gain = 0.000 ; free physical = 6990 ; free virtual = 24274
INFO: [Physopt 32-68] No nets found for critical-cell optimization.
INFO: [Physopt 32-232] Optimized 0 net. Created 0 new instance.
INFO: [Physopt 32-775] End 1 Pass. Optimized 0 net or cell. Created 0 new cell, deleted 0 existing cell and moved 0 existing cell
Netlist sorting complete. Time (s): cpu = 00:00:00.01 ; elapsed = 00:00:00 . Memory (MB): peak = 2881.652 ; gain = 0.000 ; free physical = 6990 ; free virtual = 24274

Summary of Physical Synthesis Optimizations
============================================


-----------------------------------------------------------------------------------------------------------------------------------------------------------
|  Optimization                                     |  Added Cells  |  Removed Cells  |  Optimized Cells/Nets  |  Dont Touch  |  Iterations  |  Elapsed   |
-----------------------------------------------------------------------------------------------------------------------------------------------------------
|  LUT Combining                                    |           96  |             48  |                   144  |           0  |           1  |  00:00:00  |
|  Retime                                           |            0  |              0  |                     0  |           0  |           1  |  00:00:00  |
|  Very High Fanout                                 |          121  |              0  |                     7  |           0  |           1  |  00:00:13  |
|  DSP Register                                     |            0  |              0  |                     0  |           0  |           1  |  00:00:00  |
|  Shift Register to Pipeline                       |            0  |              0  |                     0  |           0  |           1  |  00:00:00  |
|  Shift Register                                   |            0  |              0  |                     0  |           0  |           1  |  00:00:00  |
|  BRAM Register                                    |            0  |              0  |                     0  |           0  |           1  |  00:00:00  |
|  URAM Register                                    |            0  |              0  |                     0  |           0  |           1  |  00:00:00  |
|  Dynamic/Static Region Interface Net Replication  |            0  |              0  |                     0  |           0  |           1  |  00:00:00  |
|  Critical Cell                                    |            0  |              0  |                     0  |           0  |           1  |  00:00:00  |
|  Total                                            |          217  |             48  |                   151  |           0  |          10  |  00:00:14  |
-----------------------------------------------------------------------------------------------------------------------------------------------------------


Phase 2.5.2 Physical Synthesis In Placer | Checksum: 1538876b5

Time (s): cpu = 00:01:21 ; elapsed = 00:00:48 . Memory (MB): peak = 2881.652 ; gain = 3.012 ; free physical = 6990 ; free virtual = 24274
Phase 2.5 Global Place Phase2 | Checksum: 148e91ec2

Time (s): cpu = 00:01:23 ; elapsed = 00:00:49 . Memory (MB): peak = 2881.652 ; gain = 3.012 ; free physical = 6989 ; free virtual = 24273
Phase 2 Global Placement | Checksum: 148e91ec2

Time (s): cpu = 00:01:23 ; elapsed = 00:00:49 . Memory (MB): peak = 2881.652 ; gain = 3.012 ; free physical = 6989 ; free virtual = 24273

Phase 3 Detail Placement

Phase 3.1 Commit Multi Column Macros
Phase 3.1 Commit Multi Column Macros | Checksum: 20dc55112

Time (s): cpu = 00:01:27 ; elapsed = 00:00:50 . Memory (MB): peak = 2881.652 ; gain = 3.012 ; free physical = 6989 ; free virtual = 24273

Phase 3.2 Commit Most Macros & LUTRAMs
Phase 3.2 Commit Most Macros & LUTRAMs | Checksum: 231a0d6b8

Time (s): cpu = 00:02:24 ; elapsed = 00:01:37 . Memory (MB): peak = 2881.652 ; gain = 3.012 ; free physical = 6987 ; free virtual = 24272

Phase 3.3 Area Swap Optimization
Phase 3.3 Area Swap Optimization | Checksum: 153f9f4ae

Time (s): cpu = 00:02:24 ; elapsed = 00:01:37 . Memory (MB): peak = 2881.652 ; gain = 3.012 ; free physical = 6987 ; free virtual = 24272

Phase 3.4 Pipeline Register Optimization
Phase 3.4 Pipeline Register Optimization | Checksum: 18db24bc0

Time (s): cpu = 00:02:24 ; elapsed = 00:01:37 . Memory (MB): peak = 2881.652 ; gain = 3.012 ; free physical = 6987 ; free virtual = 24272

Phase 3.5 Fast Optimization
Phase 3.5 Fast Optimization | Checksum: 1b48c9d3a

Time (s): cpu = 00:02:52 ; elapsed = 00:01:54 . Memory (MB): peak = 2881.652 ; gain = 3.012 ; free physical = 6992 ; free virtual = 24277

Phase 3.6 Small Shape Detail Placement
Phase 3.6 Small Shape Detail Placement | Checksum: 2956b7dde

Time (s): cpu = 00:02:58 ; elapsed = 00:02:01 . Memory (MB): peak = 2881.652 ; gain = 3.012 ; free physical = 6989 ; free virtual = 24276

Phase 3.7 Re-assign LUT pins
Phase 3.7 Re-assign LUT pins | Checksum: 210d11426

Time (s): cpu = 00:02:59 ; elapsed = 00:02:02 . Memory (MB): peak = 2881.652 ; gain = 3.012 ; free physical = 6998 ; free virtual = 24284

Phase 3.8 Pipeline Register Optimization
Phase 3.8 Pipeline Register Optimization | Checksum: 247176d24

Time (s): cpu = 00:02:59 ; elapsed = 00:02:02 . Memory (MB): peak = 2881.652 ; gain = 3.012 ; free physical = 6998 ; free virtual = 24284

Phase 3.9 Fast Optimization
Phase 3.9 Fast Optimization | Checksum: 1ad48ad76

Time (s): cpu = 00:03:32 ; elapsed = 00:02:23 . Memory (MB): peak = 2881.652 ; gain = 3.012 ; free physical = 6990 ; free virtual = 24276
Phase 3 Detail Placement | Checksum: 1ad48ad76

Time (s): cpu = 00:03:32 ; elapsed = 00:02:23 . Memory (MB): peak = 2881.652 ; gain = 3.012 ; free physical = 6990 ; free virtual = 24276

Phase 4 Post Placement Optimization and Clean-Up

Phase 4.1 Post Commit Optimization
INFO: [Timing 38-35] Done setting XDC timing constraints.

Phase 4.1.1 Post Placement Optimization
Post Placement Optimization Initialization | Checksum: 20ff36a7e

Phase 4.1.1.1 BUFG Insertion

Starting Physical Synthesis Task

Phase 1 Physical Synthesis Initialization
INFO: [Physopt 32-721] Multithreading enabled for phys_opt_design using a maximum of 4 CPUs
INFO: [Physopt 32-619] Estimated Timing Summary | WNS=-3.698 | TNS=-422.796 |
Phase 1 Physical Synthesis Initialization | Checksum: 16ff0852b

Time (s): cpu = 00:00:01 ; elapsed = 00:00:00.6 . Memory (MB): peak = 2881.652 ; gain = 0.000 ; free physical = 6972 ; free virtual = 24258
INFO: [Place 46-33] Processed net u_regfile/rst_n, BUFG insertion was skipped due to placement/routing conflicts.
INFO: [Place 46-56] BUFG insertion identified 1 candidate nets. Inserted BUFG: 0, Replicated BUFG Driver: 0, Skipped due to Placement/Routing Conflicts: 1, Skipped due to Timing Degradation: 0, Skipped due to netlist editing failed: 0.
Ending Physical Synthesis Task | Checksum: 11db0fd1d

Time (s): cpu = 00:00:02 ; elapsed = 00:00:01 . Memory (MB): peak = 2881.652 ; gain = 0.000 ; free physical = 6972 ; free virtual = 24258
Phase 4.1.1.1 BUFG Insertion | Checksum: 20ff36a7e

Time (s): cpu = 00:03:47 ; elapsed = 00:02:30 . Memory (MB): peak = 2881.652 ; gain = 3.012 ; free physical = 6972 ; free virtual = 24258

Phase 4.1.1.2 Post Placement Timing Optimization
INFO: [Place 30-746] Post Placement Timing Summary WNS=-2.849. For the most accurate timing information please run report_timing.
Phase 4.1.1.2 Post Placement Timing Optimization | Checksum: 22f2ddccc

Time (s): cpu = 00:04:58 ; elapsed = 00:03:30 . Memory (MB): peak = 2881.652 ; gain = 3.012 ; free physical = 6965 ; free virtual = 24252

Time (s): cpu = 00:04:58 ; elapsed = 00:03:30 . Memory (MB): peak = 2881.652 ; gain = 3.012 ; free physical = 6965 ; free virtual = 24252
Phase 4.1 Post Commit Optimization | Checksum: 22f2ddccc

Time (s): cpu = 00:04:58 ; elapsed = 00:03:30 . Memory (MB): peak = 2881.652 ; gain = 3.012 ; free physical = 6965 ; free virtual = 24252

Phase 4.2 Post Placement Cleanup
Phase 4.2 Post Placement Cleanup | Checksum: 22f2ddccc

Time (s): cpu = 00:04:58 ; elapsed = 00:03:30 . Memory (MB): peak = 2881.652 ; gain = 3.012 ; free physical = 6965 ; free virtual = 24252

Phase 4.3 Placer Reporting

Phase 4.3.1 Print Estimated Congestion
INFO: [Place 30-612] Post-Placement Estimated Congestion 
 ____________________________________________________
|           | Global Congestion | Short Congestion  |
| Direction | Region Size       | Region Size       |
|___________|___________________|___________________|
|      North|                2x2|                4x4|
|___________|___________________|___________________|
|      South|                1x1|                4x4|
|___________|___________________|___________________|
|       East|                1x1|                1x1|
|___________|___________________|___________________|
|       West|                1x1|                1x1|
|___________|___________________|___________________|

Phase 4.3.1 Print Estimated Congestion | Checksum: 22f2ddccc

Time (s): cpu = 00:04:58 ; elapsed = 00:03:30 . Memory (MB): peak = 2881.652 ; gain = 3.012 ; free physical = 6965 ; free virtual = 24252
Phase 4.3 Placer Reporting | Checksum: 22f2ddccc

Time (s): cpu = 00:04:58 ; elapsed = 00:03:30 . Memory (MB): peak = 2881.652 ; gain = 3.012 ; free physical = 6965 ; free virtual = 24252

Phase 4.4 Final Placement Cleanup
Netlist sorting complete. Time (s): cpu = 00:00:00 ; elapsed = 00:00:00.01 . Memory (MB): peak = 2881.652 ; gain = 0.000 ; free physical = 6965 ; free virtual = 24252

Time (s): cpu = 00:04:58 ; elapsed = 00:03:30 . Memory (MB): peak = 2881.652 ; gain = 3.012 ; free physical = 6965 ; free virtual = 24252
Phase 4 Post Placement Optimization and Clean-Up | Checksum: 1eb81012b

Time (s): cpu = 00:04:58 ; elapsed = 00:03:30 . Memory (MB): peak = 2881.652 ; gain = 3.012 ; free physical = 6965 ; free virtual = 24252
Ending Placer Task | Checksum: 13eeaa538

Time (s): cpu = 00:04:58 ; elapsed = 00:03:30 . Memory (MB): peak = 2881.652 ; gain = 3.012 ; free physical = 6965 ; free virtual = 24252
84 Infos, 0 Warnings, 0 Critical Warnings and 0 Errors encountered.
place_design completed successfully
place_design: Time (s): cpu = 00:05:01 ; elapsed = 00:03:32 . Memory (MB): peak = 2881.652 ; gain = 3.012 ; free physical = 6965 ; free virtual = 24252
INFO: [Vivado 12-24838] Running report commands "report_control_sets, report_io, report_utilization" in parallel.
Running report generation with 2 threads.
INFO: [Vivado 12-24828] Executing command : report_io -file core_io_placed.rpt
report_io: Time (s): cpu = 00:00:00.28 ; elapsed = 00:00:00.52 . Memory (MB): peak = 2881.652 ; gain = 0.000 ; free physical = 6978 ; free virtual = 24265
INFO: [Vivado 12-24828] Executing command : report_utilization -file core_utilization_placed.rpt -pb core_utilization_placed.pb
INFO: [Vivado 12-24828] Executing command : report_control_sets -verbose -file core_control_sets_placed.rpt
report_control_sets: Time (s): cpu = 00:00:00.32 ; elapsed = 00:00:00.52 . Memory (MB): peak = 2881.652 ; gain = 0.000 ; free physical = 6958 ; free virtual = 24245
Wrote PlaceDB: Time (s): cpu = 00:00:00 ; elapsed = 00:00:00 . Memory (MB): peak = 2881.652 ; gain = 0.000 ; free physical = 6958 ; free virtual = 24245
INFO: [Timing 38-480] Writing timing data to binary archive.
Wrote PulsedLatchDB: Time (s): cpu = 00:00:00 ; elapsed = 00:00:00 . Memory (MB): peak = 2881.652 ; gain = 0.000 ; free physical = 6958 ; free virtual = 24245
Writing XDEF routing.
Writing XDEF routing logical nets.
Writing XDEF routing special nets.
Wrote RouteStorage: Time (s): cpu = 00:00:00.14 ; elapsed = 00:00:00.04 . Memory (MB): peak = 2881.652 ; gain = 0.000 ; free physical = 6958 ; free virtual = 24246
Write ShapeDB Complete: Time (s): cpu = 00:00:00.23 ; elapsed = 00:00:00.07 . Memory (MB): peak = 2881.652 ; gain = 0.000 ; free physical = 6958 ; free virtual = 24248
Wrote PlaceStorage: Time (s): cpu = 00:00:02 ; elapsed = 00:00:00.82 . Memory (MB): peak = 2881.652 ; gain = 0.000 ; free physical = 6940 ; free virtual = 24249
Wrote Netlist Cache: Time (s): cpu = 00:00:00.02 ; elapsed = 00:00:00.02 . Memory (MB): peak = 2881.652 ; gain = 0.000 ; free physical = 6938 ; free virtual = 24249
Wrote Device Cache: Time (s): cpu = 00:00:00 ; elapsed = 00:00:00 . Memory (MB): peak = 2881.652 ; gain = 0.000 ; free physical = 6938 ; free virtual = 24249
Write Physdb Complete: Time (s): cpu = 00:00:02 ; elapsed = 00:00:00.89 . Memory (MB): peak = 2881.652 ; gain = 0.000 ; free physical = 6938 ; free virtual = 24249
INFO: [Common 17-1381] The checkpoint '/home/jiakuan/projects/my_riscv_core/vivado_fpga/bearcore_fpga.runs/impl_1/core_placed.dcp' has been generated.
Command: phys_opt_design
Attempting to get a license for feature 'Implementation' and/or device 'xc7a35t'
INFO: [Common 17-349] Got license for feature 'Implementation' and/or device 'xc7a35t'

Starting Initial Update Timing Task

Time (s): cpu = 00:00:12 ; elapsed = 00:00:06 . Memory (MB): peak = 2881.652 ; gain = 0.000 ; free physical = 6949 ; free virtual = 24243
INFO: [Vivado_Tcl 4-1435] PhysOpt_Tcl_Interface Runtime Before Starting Physical Synthesis Task | CPU: 12.15s |  WALL: 6.10s
Netlist sorting complete. Time (s): cpu = 00:00:00.01 ; elapsed = 00:00:00.01 . Memory (MB): peak = 2881.652 ; gain = 0.000 ; free physical = 6949 ; free virtual = 24243

Starting Physical Synthesis Task

Phase 1 Physical Synthesis Initialization
INFO: [Physopt 32-721] Multithreading enabled for phys_opt_design using a maximum of 4 CPUs
INFO: [Physopt 32-619] Estimated Timing Summary | WNS=-2.849 | TNS=-294.708 |
Phase 1 Physical Synthesis Initialization | Checksum: 15c8dc6f6

Time (s): cpu = 00:00:04 ; elapsed = 00:00:03 . Memory (MB): peak = 2881.652 ; gain = 0.000 ; free physical = 6943 ; free virtual = 24236
INFO: [Physopt 32-619] Estimated Timing Summary | WNS=-2.849 | TNS=-294.708 |

Phase 2 DSP Register Optimization
INFO: [Physopt 32-456] No candidate cells for DSP register optimization found in the design.
INFO: [Physopt 32-775] End 2 Pass. Optimized 0 net or cell. Created 0 new cell, deleted 0 existing cell and moved 0 existing cell
Phase 2 DSP Register Optimization | Checksum: 15c8dc6f6

Time (s): cpu = 00:00:04 ; elapsed = 00:00:03 . Memory (MB): peak = 2881.652 ; gain = 0.000 ; free physical = 6942 ; free virtual = 24236

Phase 3 Critical Path Optimization
INFO: [Physopt 32-619] Estimated Timing Summary | WNS=-2.849 | TNS=-294.708 |
INFO: [Physopt 32-663] Processed net mem_alu_result_reg_n_0_[9]_repN_1.  Re-placed instance mem_alu_result_reg[9]_replica_1
INFO: [Physopt 32-735] Processed net mem_alu_result_reg_n_0_[9]_repN_1. Optimization improves timing on the net.
INFO: [Physopt 32-619] Estimated Timing Summary | WNS=-2.837 | TNS=-293.867 |
INFO: [Physopt 32-663] Processed net mem_alu_result_reg_n_0_[8]_repN_1.  Re-placed instance mem_alu_result_reg[8]_replica_1
INFO: [Physopt 32-735] Processed net mem_alu_result_reg_n_0_[8]_repN_1. Optimization improves timing on the net.
INFO: [Physopt 32-619] Estimated Timing Summary | WNS=-2.784 | TNS=-293.174 |
INFO: [Physopt 32-663] Processed net mem_alu_result_reg_n_0_[9]_repN_3.  Re-placed instance mem_alu_result_reg[9]_replica_3
INFO: [Physopt 32-735] Processed net mem_alu_result_reg_n_0_[9]_repN_3. Optimization improves timing on the net.
INFO: [Physopt 32-619] Estimated Timing Summary | WNS=-2.667 | TNS=-292.459 |
INFO: [Physopt 32-663] Processed net mem_alu_result_reg_n_0_[8]_repN.  Re-placed instance mem_alu_result_reg[8]_replica
INFO: [Physopt 32-735] Processed net mem_alu_result_reg_n_0_[8]_repN. Optimization improves timing on the net.
INFO: [Physopt 32-619] Estimated Timing Summary | WNS=-2.547 | TNS=-291.892 |
INFO: [Physopt 32-663] Processed net mem_alu_result_reg_n_0_[9]_repN.  Re-placed instance mem_alu_result_reg[9]_replica
INFO: [Physopt 32-735] Processed net mem_alu_result_reg_n_0_[9]_repN. Optimization improves timing on the net.
INFO: [Physopt 32-619] Estimated Timing Summary | WNS=-2.526 | TNS=-291.406 |
INFO: [Physopt 32-663] Processed net mem_alu_result_reg_n_0_[5]_repN_12.  Re-placed instance mem_alu_result_reg[5]_replica_12
INFO: [Physopt 32-735] Processed net mem_alu_result_reg_n_0_[5]_repN_12. Optimization improves timing on the net.
INFO: [Physopt 32-619] Estimated Timing Summary | WNS=-2.515 | TNS=-290.516 |
INFO: [Physopt 32-663] Processed net mem_alu_result_reg_n_0_[9]_repN_2.  Re-placed instance mem_alu_result_reg[9]_replica_2
INFO: [Physopt 32-735] Processed net mem_alu_result_reg_n_0_[9]_repN_2. Optimization improves timing on the net.
INFO: [Physopt 32-619] Estimated Timing Summary | WNS=-2.509 | TNS=-290.064 |
INFO: [Physopt 32-663] Processed net mem_alu_result_reg_n_0_[3]_repN.  Re-placed instance mem_alu_result_reg[3]_replica
INFO: [Physopt 32-735] Processed net mem_alu_result_reg_n_0_[3]_repN. Optimization improves timing on the net.
INFO: [Physopt 32-619] Estimated Timing Summary | WNS=-2.497 | TNS=-289.460 |
INFO: [Physopt 32-663] Processed net mem_alu_result_reg_n_0_[2]_repN_2.  Re-placed instance mem_alu_result_reg[2]_replica_2
INFO: [Physopt 32-735] Processed net mem_alu_result_reg_n_0_[2]_repN_2. Optimization improves timing on the net.
INFO: [Physopt 32-619] Estimated Timing Summary | WNS=-2.494 | TNS=-289.074 |
INFO: [Physopt 32-663] Processed net mem_alu_result_reg_n_0_[2]_repN_17.  Re-placed instance mem_alu_result_reg[2]_replica_17
INFO: [Physopt 32-735] Processed net mem_alu_result_reg_n_0_[2]_repN_17. Optimization improves timing on the net.
INFO: [Physopt 32-619] Estimated Timing Summary | WNS=-2.486 | TNS=-288.153 |
INFO: [Physopt 32-663] Processed net mem_alu_result_reg_n_0_[4]_repN_4.  Re-placed instance mem_alu_result_reg[4]_replica_4
INFO: [Physopt 32-735] Processed net mem_alu_result_reg_n_0_[4]_repN_4. Optimization improves timing on the net.
INFO: [Physopt 32-619] Estimated Timing Summary | WNS=-2.481 | TNS=-287.972 |
INFO: [Physopt 32-663] Processed net mem_alu_result_reg_n_0_[2]_repN_4.  Re-placed instance mem_alu_result_reg[2]_replica_4
INFO: [Physopt 32-735] Processed net mem_alu_result_reg_n_0_[2]_repN_4. Optimization improves timing on the net.
INFO: [Physopt 32-619] Estimated Timing Summary | WNS=-2.477 | TNS=-287.416 |
INFO: [Physopt 32-663] Processed net mem_alu_result_reg_n_0_[4]_repN_6.  Re-placed instance mem_alu_result_reg[4]_replica_6
INFO: [Physopt 32-735] Processed net mem_alu_result_reg_n_0_[4]_repN_6. Optimization improves timing on the net.
INFO: [Physopt 32-619] Estimated Timing Summary | WNS=-2.475 | TNS=-286.822 |
INFO: [Physopt 32-663] Processed net mem_alu_result_reg_n_0_[4]_repN_11.  Re-placed instance mem_alu_result_reg[4]_replica_11
INFO: [Physopt 32-735] Processed net mem_alu_result_reg_n_0_[4]_repN_11. Optimization improves timing on the net.
INFO: [Physopt 32-619] Estimated Timing Summary | WNS=-2.470 | TNS=-286.090 |
INFO: [Physopt 32-663] Processed net mem_alu_result_reg_n_0_[5]_repN_5.  Re-placed instance mem_alu_result_reg[5]_replica_5
INFO: [Physopt 32-735] Processed net mem_alu_result_reg_n_0_[5]_repN_5. Optimization improves timing on the net.
INFO: [Physopt 32-619] Estimated Timing Summary | WNS=-2.462 | TNS=-285.836 |
INFO: [Physopt 32-663] Processed net mem_alu_result_reg_n_0_[4]_repN_3.  Re-placed instance mem_alu_result_reg[4]_replica_3
INFO: [Physopt 32-735] Processed net mem_alu_result_reg_n_0_[4]_repN_3. Optimization improves timing on the net.
INFO: [Physopt 32-619] Estimated Timing Summary | WNS=-2.453 | TNS=-285.673 |
INFO: [Physopt 32-663] Processed net mem_alu_result_reg_n_0_[3]_repN_6.  Re-placed instance mem_alu_result_reg[3]_replica_6
INFO: [Physopt 32-735] Processed net mem_alu_result_reg_n_0_[3]_repN_6. Optimization improves timing on the net.
INFO: [Physopt 32-619] Estimated Timing Summary | WNS=-2.426 | TNS=-285.091 |
INFO: [Physopt 32-663] Processed net mem_alu_result_reg_n_0_[5]_repN_4.  Re-placed instance mem_alu_result_reg[5]_replica_4
INFO: [Physopt 32-735] Processed net mem_alu_result_reg_n_0_[5]_repN_4. Optimization improves timing on the net.
INFO: [Physopt 32-619] Estimated Timing Summary | WNS=-2.426 | TNS=-284.890 |
INFO: [Physopt 32-663] Processed net mem_alu_result_reg_n_0_[6]_repN_15.  Re-placed instance mem_alu_result_reg[6]_replica_15
INFO: [Physopt 32-735] Processed net mem_alu_result_reg_n_0_[6]_repN_15. Optimization improves timing on the net.
INFO: [Physopt 32-619] Estimated Timing Summary | WNS=-2.424 | TNS=-283.544 |
INFO: [Physopt 32-663] Processed net mem_alu_result_reg_n_0_[3]_repN_11.  Re-placed instance mem_alu_result_reg[3]_replica_11
INFO: [Physopt 32-735] Processed net mem_alu_result_reg_n_0_[3]_repN_11. Optimization improves timing on the net.
INFO: [Physopt 32-619] Estimated Timing Summary | WNS=-2.419 | TNS=-283.030 |
INFO: [Physopt 32-663] Processed net mem_alu_result_reg[10]_rep__5_n_0.  Re-placed instance mem_alu_result_reg[10]_rep__5
INFO: [Physopt 32-735] Processed net mem_alu_result_reg[10]_rep__5_n_0. Optimization improves timing on the net.
INFO: [Physopt 32-619] Estimated Timing Summary | WNS=-2.394 | TNS=-282.065 |
INFO: [Physopt 32-663] Processed net mem_alu_result_reg_n_0_[3]_repN_15.  Re-placed instance mem_alu_result_reg[3]_replica_15
INFO: [Physopt 32-735] Processed net mem_alu_result_reg_n_0_[3]_repN_15. Optimization improves timing on the net.
INFO: [Physopt 32-619] Estimated Timing Summary | WNS=-2.388 | TNS=-281.133 |
INFO: [Physopt 32-663] Processed net mem_alu_result_reg_n_0_[8]_repN_7.  Re-placed instance mem_alu_result_reg[8]_replica_7
INFO: [Physopt 32-735] Processed net mem_alu_result_reg_n_0_[8]_repN_7. Optimization improves timing on the net.
INFO: [Physopt 32-619] Estimated Timing Summary | WNS=-2.386 | TNS=-280.123 |
INFO: [Physopt 32-663] Processed net mem_alu_result_reg_n_0_[5]_repN_3.  Re-placed instance mem_alu_result_reg[5]_replica_3
INFO: [Physopt 32-735] Processed net mem_alu_result_reg_n_0_[5]_repN_3. Optimization improves timing on the net.
INFO: [Physopt 32-619] Estimated Timing Summary | WNS=-2.380 | TNS=-279.688 |
INFO: [Physopt 32-663] Processed net mem_alu_result_reg_n_0_[3]_repN_1.  Re-placed instance mem_alu_result_reg[3]_replica_1
INFO: [Physopt 32-735] Processed net mem_alu_result_reg_n_0_[3]_repN_1. Optimization improves timing on the net.
INFO: [Physopt 32-619] Estimated Timing Summary | WNS=-2.367 | TNS=-279.215 |
INFO: [Physopt 32-663] Processed net mem_alu_result_reg_n_0_[8]_repN_6.  Re-placed instance mem_alu_result_reg[8]_replica_6
INFO: [Physopt 32-735] Processed net mem_alu_result_reg_n_0_[8]_repN_6. Optimization improves timing on the net.
INFO: [Physopt 32-619] Estimated Timing Summary | WNS=-2.342 | TNS=-277.914 |
INFO: [Physopt 32-663] Processed net mem_alu_result_reg_n_0_[2]_repN_16.  Re-placed instance mem_alu_result_reg[2]_replica_16
INFO: [Physopt 32-735] Processed net mem_alu_result_reg_n_0_[2]_repN_16. Optimization improves timing on the net.
INFO: [Physopt 32-619] Estimated Timing Summary | WNS=-2.341 | TNS=-276.854 |
INFO: [Physopt 32-663] Processed net mem_alu_result_reg_n_0_[4]_repN_2.  Re-placed instance mem_alu_result_reg[4]_replica_2
INFO: [Physopt 32-735] Processed net mem_alu_result_reg_n_0_[4]_repN_2. Optimization improves timing on the net.
INFO: [Physopt 32-619] Estimated Timing Summary | WNS=-2.340 | TNS=-276.619 |
INFO: [Physopt 32-663] Processed net mem_alu_result_reg_n_0_[3]_repN_2.  Re-placed instance mem_alu_result_reg[3]_replica_2
INFO: [Physopt 32-735] Processed net mem_alu_result_reg_n_0_[3]_repN_2. Optimization improves timing on the net.
INFO: [Physopt 32-619] Estimated Timing Summary | WNS=-2.336 | TNS=-276.206 |
INFO: [Physopt 32-663] Processed net mem_alu_result_reg_n_0_[4]_repN_1.  Re-placed instance mem_alu_result_reg[4]_replica_1
INFO: [Physopt 32-735] Processed net mem_alu_result_reg_n_0_[4]_repN_1. Optimization improves timing on the net.
INFO: [Physopt 32-619] Estimated Timing Summary | WNS=-2.327 | TNS=-275.606 |
INFO: [Physopt 32-663] Processed net mem_alu_result_reg[10]_rep_n_0.  Re-placed instance mem_alu_result_reg[10]_rep
INFO: [Physopt 32-735] Processed net mem_alu_result_reg[10]_rep_n_0. Optimization improves timing on the net.
INFO: [Physopt 32-619] Estimated Timing Summary | WNS=-2.321 | TNS=-275.537 |
INFO: [Physopt 32-663] Processed net mem_alu_result_reg_n_0_[4]_repN.  Re-placed instance mem_alu_result_reg[4]_replica
INFO: [Physopt 32-735] Processed net mem_alu_result_reg_n_0_[4]_repN. Optimization improves timing on the net.
INFO: [Physopt 32-619] Estimated Timing Summary | WNS=-2.317 | TNS=-275.332 |
INFO: [Physopt 32-663] Processed net mem_alu_result_reg_n_0_[4]_repN_7.  Re-placed instance mem_alu_result_reg[4]_replica_7
INFO: [Physopt 32-735] Processed net mem_alu_result_reg_n_0_[4]_repN_7. Optimization improves timing on the net.
INFO: [Physopt 32-619] Estimated Timing Summary | WNS=-2.315 | TNS=-274.881 |
INFO: [Physopt 32-663] Processed net mem_alu_result_reg_n_0_[2]_repN.  Re-placed instance mem_alu_result_reg[2]_replica
INFO: [Physopt 32-735] Processed net mem_alu_result_reg_n_0_[2]_repN. Optimization improves timing on the net.
INFO: [Physopt 32-619] Estimated Timing Summary | WNS=-2.306 | TNS=-274.388 |
INFO: [Physopt 32-663] Processed net mem_alu_result_reg_n_0_[6]_repN_6.  Re-placed instance mem_alu_result_reg[6]_replica_6
INFO: [Physopt 32-735] Processed net mem_alu_result_reg_n_0_[6]_repN_6. Optimization improves timing on the net.
INFO: [Physopt 32-619] Estimated Timing Summary | WNS=-2.305 | TNS=-273.547 |
INFO: [Physopt 32-663] Processed net mem_alu_result_reg_n_0_[4]_repN_4.  Re-placed instance mem_alu_result_reg[4]_replica_4
INFO: [Physopt 32-735] Processed net mem_alu_result_reg_n_0_[4]_repN_4. Optimization improves timing on the net.
INFO: [Physopt 32-619] Estimated Timing Summary | WNS=-2.299 | TNS=-273.134 |
INFO: [Physopt 32-663] Processed net mem_alu_result_reg_n_0_[4]_repN_3.  Re-placed instance mem_alu_result_reg[4]_replica_3
INFO: [Physopt 32-735] Processed net mem_alu_result_reg_n_0_[4]_repN_3. Optimization improves timing on the net.
INFO: [Physopt 32-619] Estimated Timing Summary | WNS=-2.296 | TNS=-273.038 |
INFO: [Physopt 32-663] Processed net mem_alu_result_reg[10]_rep__6_n_0.  Re-placed instance mem_alu_result_reg[10]_rep__6
INFO: [Physopt 32-735] Processed net mem_alu_result_reg[10]_rep__6_n_0. Optimization improves timing on the net.
INFO: [Physopt 32-619] Estimated Timing Summary | WNS=-2.295 | TNS=-271.715 |
INFO: [Physopt 32-663] Processed net mem_alu_result_reg_n_0_[3]_repN_4.  Re-placed instance mem_alu_result_reg[3]_replica_4
INFO: [Physopt 32-735] Processed net mem_alu_result_reg_n_0_[3]_repN_4. Optimization improves timing on the net.
INFO: [Physopt 32-619] Estimated Timing Summary | WNS=-2.287 | TNS=-271.302 |
INFO: [Physopt 32-663] Processed net mem_alu_result_reg_n_0_[5]_repN_1.  Re-placed instance mem_alu_result_reg[5]_replica_1
INFO: [Physopt 32-735] Processed net mem_alu_result_reg_n_0_[5]_repN_1. Optimization improves timing on the net.
INFO: [Physopt 32-619] Estimated Timing Summary | WNS=-2.286 | TNS=-270.516 |
INFO: [Physopt 32-663] Processed net mem_alu_result_reg_n_0_[5]_repN_6.  Re-placed instance mem_alu_result_reg[5]_replica_6
INFO: [Physopt 32-735] Processed net mem_alu_result_reg_n_0_[5]_repN_6. Optimization improves timing on the net.
INFO: [Physopt 32-619] Estimated Timing Summary | WNS=-2.280 | TNS=-269.716 |
INFO: [Physopt 32-663] Processed net mem_alu_result_reg[12]_rep__2_n_0.  Re-placed instance mem_alu_result_reg[12]_rep__2
INFO: [Physopt 32-735] Processed net mem_alu_result_reg[12]_rep__2_n_0. Optimization improves timing on the net.
INFO: [Physopt 32-619] Estimated Timing Summary | WNS=-2.263 | TNS=-269.157 |
INFO: [Physopt 32-663] Processed net mem_alu_result_reg_n_0_[6]_repN_3.  Re-placed instance mem_alu_result_reg[6]_replica_3
INFO: [Physopt 32-735] Processed net mem_alu_result_reg_n_0_[6]_repN_3. Optimization improves timing on the net.
INFO: [Physopt 32-619] Estimated Timing Summary | WNS=-2.258 | TNS=-268.817 |
INFO: [Physopt 32-702] Processed net mem_alu_result_reg[10]_rep_n_0. Optimizations did not improve timing on the net.
INFO: [Physopt 32-663] Processed net mem_alu_result_reg_n_0_[7].  Re-placed instance mem_alu_result_reg[7]
INFO: [Physopt 32-735] Processed net mem_alu_result_reg_n_0_[7]. Optimization improves timing on the net.
INFO: [Physopt 32-619] Estimated Timing Summary | WNS=-2.163 | TNS=-246.746 |
INFO: [Physopt 32-81] Processed net mem_alu_result_reg_n_0_[4]_repN_3. Replicated 1 times.
INFO: [Physopt 32-735] Processed net mem_alu_result_reg_n_0_[4]_repN_3. Optimization improves timing on the net.
INFO: [Physopt 32-619] Estimated Timing Summary | WNS=-2.158 | TNS=-247.365 |
INFO: [Physopt 32-663] Processed net mem_alu_result_reg_n_0_[4]_repN_3.  Re-placed instance mem_alu_result_reg[4]_replica_3
INFO: [Physopt 32-735] Processed net mem_alu_result_reg_n_0_[4]_repN_3. Optimization improves timing on the net.
INFO: [Physopt 32-619] Estimated Timing Summary | WNS=-2.033 | TNS=-216.571 |
INFO: [Physopt 32-81] Processed net mem_alu_result_reg_n_0_[8]. Replicated 7 times.
INFO: [Physopt 32-735] Processed net mem_alu_result_reg_n_0_[8]. Optimization improves timing on the net.
INFO: [Physopt 32-619] Estimated Timing Summary | WNS=-2.003 | TNS=-222.391 |
INFO: [Physopt 32-663] Processed net mem_alu_result_reg_n_0_[7].  Re-placed instance mem_alu_result_reg[7]
INFO: [Physopt 32-735] Processed net mem_alu_result_reg_n_0_[7]. Optimization improves timing on the net.
INFO: [Physopt 32-619] Estimated Timing Summary | WNS=-2.072 | TNS=-237.261 |
INFO: [Physopt 32-81] Processed net mem_alu_result_reg_n_0_[4]_repN_3. Replicated 1 times.
INFO: [Physopt 32-735] Processed net mem_alu_result_reg_n_0_[4]_repN_3. Optimization improves timing on the net.
INFO: [Physopt 32-619] Estimated Timing Summary | WNS=-1.983 | TNS=-220.946 |
INFO: [Physopt 32-663] Processed net mem_alu_result_reg_n_0_[4]_repN_3.  Re-placed instance mem_alu_result_reg[4]_replica_3
INFO: [Physopt 32-735] Processed net mem_alu_result_reg_n_0_[4]_repN_3. Optimization improves timing on the net.
INFO: [Physopt 32-619] Estimated Timing Summary | WNS=-1.979 | TNS=-216.619 |
INFO: [Physopt 32-663] Processed net mem_alu_result_reg_n_0_[4]_repN_10.  Re-placed instance mem_alu_result_reg[4]_replica_10
INFO: [Physopt 32-735] Processed net mem_alu_result_reg_n_0_[4]_repN_10. Optimization improves timing on the net.
INFO: [Physopt 32-619] Estimated Timing Summary | WNS=-1.971 | TNS=-216.381 |
INFO: [Physopt 32-663] Processed net mem_alu_result_reg_n_0_[3]_repN_9.  Re-placed instance mem_alu_result_reg[3]_replica_9
INFO: [Physopt 32-735] Processed net mem_alu_result_reg_n_0_[3]_repN_9. Optimization improves timing on the net.
INFO: [Physopt 32-619] Estimated Timing Summary | WNS=-1.945 | TNS=-215.672 |
INFO: [Physopt 32-663] Processed net mem_alu_result_reg_n_0_[3]_repN_12.  Re-placed instance mem_alu_result_reg[3]_replica_12
INFO: [Physopt 32-735] Processed net mem_alu_result_reg_n_0_[3]_repN_12. Optimization improves timing on the net.
INFO: [Physopt 32-619] Estimated Timing Summary | WNS=-1.943 | TNS=-214.885 |
INFO: [Physopt 32-663] Processed net mem_alu_result_reg_n_0_[7].  Re-placed instance mem_alu_result_reg[7]
INFO: [Physopt 32-735] Processed net mem_alu_result_reg_n_0_[7]. Optimization improves timing on the net.
INFO: [Physopt 32-619] Estimated Timing Summary | WNS=-2.010 | TNS=-223.279 |
INFO: [Physopt 32-81] Processed net mem_alu_result_reg_n_0_[4]_repN_3. Replicated 1 times.
INFO: [Physopt 32-735] Processed net mem_alu_result_reg_n_0_[4]_repN_3. Optimization improves timing on the net.
INFO: [Physopt 32-619] Estimated Timing Summary | WNS=-1.938 | TNS=-215.625 |
INFO: [Physopt 32-81] Processed net mem_alu_result_reg_n_0_[7]. Replicated 2 times.
INFO: [Physopt 32-735] Processed net mem_alu_result_reg_n_0_[7]. Optimization improves timing on the net.
INFO: [Physopt 32-619] Estimated Timing Summary | WNS=-2.009 | TNS=-226.867 |
INFO: [Physopt 32-81] Processed net mem_alu_result_reg_n_0_[4]_repN_3. Replicated 1 times.
INFO: [Physopt 32-735] Processed net mem_alu_result_reg_n_0_[4]_repN_3. Optimization improves timing on the net.
INFO: [Physopt 32-619] Estimated Timing Summary | WNS=-1.957 | TNS=-218.438 |
INFO: [Physopt 32-663] Processed net mem_alu_result_reg_n_0_[4]_repN_24.  Re-placed instance mem_alu_result_reg[4]_replica_24
INFO: [Physopt 32-735] Processed net mem_alu_result_reg_n_0_[4]_repN_24. Optimization improves timing on the net.
INFO: [Physopt 32-619] Estimated Timing Summary | WNS=-1.866 | TNS=-204.848 |
INFO: [Physopt 32-663] Processed net mem_alu_result_reg_n_0_[3]_repN_2.  Re-placed instance mem_alu_result_reg[3]_replica_2
INFO: [Physopt 32-735] Processed net mem_alu_result_reg_n_0_[3]_repN_2. Optimization improves timing on the net.
INFO: [Physopt 32-619] Estimated Timing Summary | WNS=-1.948 | TNS=-216.885 |
INFO: [Physopt 32-663] Processed net mem_alu_result_reg_n_0_[4]_repN_24.  Re-placed instance mem_alu_result_reg[4]_replica_24
INFO: [Physopt 32-735] Processed net mem_alu_result_reg_n_0_[4]_repN_24. Optimization improves timing on the net.
INFO: [Physopt 32-619] Estimated Timing Summary | WNS=-1.868 | TNS=-205.285 |
INFO: [Physopt 32-702] Processed net mem_alu_result_reg_n_0_[4]_repN_24. Optimizations did not improve timing on the net.
INFO: [Physopt 32-710] Processed net u_csr/ex_alu_op_reg[3]_9. Critical path length was reduced through logic transformation on cell u_csr/mem_alu_result[10]_rep_i_1_comp.
INFO: [Physopt 32-735] Processed net u_alu/u_div/ex_alu_op_reg[3]_20. Optimization improves timing on the net.
INFO: [Physopt 32-619] Estimated Timing Summary | WNS=-1.865 | TNS=-205.018 |
INFO: [Physopt 32-663] Processed net mem_alu_result_reg_n_0_[6]_repN_1.  Re-placed instance mem_alu_result_reg[6]_replica_1
INFO: [Physopt 32-735] Processed net mem_alu_result_reg_n_0_[6]_repN_1. Optimization improves timing on the net.
INFO: [Physopt 32-619] Estimated Timing Summary | WNS=-1.864 | TNS=-204.938 |
INFO: [Physopt 32-663] Processed net mem_alu_result_reg_n_0_[6]_repN_7.  Re-placed instance mem_alu_result_reg[6]_replica_7
INFO: [Physopt 32-735] Processed net mem_alu_result_reg_n_0_[6]_repN_7. Optimization improves timing on the net.
INFO: [Physopt 32-619] Estimated Timing Summary | WNS=-1.860 | TNS=-204.480 |
INFO: [Physopt 32-663] Processed net mem_alu_result_reg_n_0_[2]_repN_14.  Re-placed instance mem_alu_result_reg[2]_replica_14
INFO: [Physopt 32-735] Processed net mem_alu_result_reg_n_0_[2]_repN_14. Optimization improves timing on the net.
INFO: [Physopt 32-619] Estimated Timing Summary | WNS=-1.854 | TNS=-203.993 |
INFO: [Physopt 32-663] Processed net mem_alu_result_reg_n_0_[6]_repN_11.  Re-placed instance mem_alu_result_reg[6]_replica_11
INFO: [Physopt 32-735] Processed net mem_alu_result_reg_n_0_[6]_repN_11. Optimization improves timing on the net.
INFO: [Physopt 32-619] Estimated Timing Summary | WNS=-1.849 | TNS=-203.168 |
INFO: [Physopt 32-663] Processed net mem_alu_result_reg_n_0_[5]_repN_10.  Re-placed instance mem_alu_result_reg[5]_replica_10
INFO: [Physopt 32-735] Processed net mem_alu_result_reg_n_0_[5]_repN_10. Optimization improves timing on the net.
INFO: [Physopt 32-619] Estimated Timing Summary | WNS=-1.839 | TNS=-203.038 |
INFO: [Physopt 32-81] Processed net mem_alu_result_reg_n_0_[3]_repN_19. Replicated 2 times.
INFO: [Physopt 32-735] Processed net mem_alu_result_reg_n_0_[3]_repN_19. Optimization improves timing on the net.
INFO: [Physopt 32-619] Estimated Timing Summary | WNS=-1.838 | TNS=-205.198 |
INFO: [Physopt 32-81] Processed net mem_alu_result_reg_n_0_[5]_repN_9. Replicated 5 times.
INFO: [Physopt 32-735] Processed net mem_alu_result_reg_n_0_[5]_repN_9. Optimization improves timing on the net.
INFO: [Physopt 32-619] Estimated Timing Summary | WNS=-1.831 | TNS=-203.433 |
INFO: [Physopt 32-663] Processed net mem_alu_result_reg_n_0_[5]_repN_5.  Re-placed instance mem_alu_result_reg[5]_replica_5
INFO: [Physopt 32-735] Processed net mem_alu_result_reg_n_0_[5]_repN_5. Optimization improves timing on the net.
INFO: [Physopt 32-619] Estimated Timing Summary | WNS=-1.831 | TNS=-203.140 |
INFO: [Physopt 32-663] Processed net mem_alu_result_reg_n_0_[9]_repN_11.  Re-placed instance mem_alu_result_reg[9]_replica_11
INFO: [Physopt 32-735] Processed net mem_alu_result_reg_n_0_[9]_repN_11. Optimization improves timing on the net.
INFO: [Physopt 32-619] Estimated Timing Summary | WNS=-1.826 | TNS=-202.428 |
INFO: [Physopt 32-663] Processed net mem_alu_result_reg_n_0_[5]_repN_4.  Re-placed instance mem_alu_result_reg[5]_replica_4
INFO: [Physopt 32-735] Processed net mem_alu_result_reg_n_0_[5]_repN_4. Optimization improves timing on the net.
INFO: [Physopt 32-619] Estimated Timing Summary | WNS=-1.821 | TNS=-202.192 |
INFO: [Physopt 32-663] Processed net mem_alu_result_reg_n_0_[2]_repN_18.  Re-placed instance mem_alu_result_reg[2]_replica_18
INFO: [Physopt 32-735] Processed net mem_alu_result_reg_n_0_[2]_repN_18. Optimization improves timing on the net.
INFO: [Physopt 32-619] Estimated Timing Summary | WNS=-1.800 | TNS=-201.332 |
INFO: [Physopt 32-663] Processed net mem_alu_result_reg_n_0_[5]_repN_8.  Re-placed instance mem_alu_result_reg[5]_replica_8
INFO: [Physopt 32-735] Processed net mem_alu_result_reg_n_0_[5]_repN_8. Optimization improves timing on the net.
INFO: [Physopt 32-619] Estimated Timing Summary | WNS=-1.787 | TNS=-200.627 |
INFO: [Physopt 32-663] Processed net mem_alu_result_reg_n_0_[8]_repN_9.  Re-placed instance mem_alu_result_reg[8]_replica_9
INFO: [Physopt 32-735] Processed net mem_alu_result_reg_n_0_[8]_repN_9. Optimization improves timing on the net.
INFO: [Physopt 32-619] Estimated Timing Summary | WNS=-1.785 | TNS=-200.426 |
INFO: [Physopt 32-663] Processed net mem_alu_result_reg_n_0_[6]_repN_1.  Re-placed instance mem_alu_result_reg[6]_replica_1
INFO: [Physopt 32-735] Processed net mem_alu_result_reg_n_0_[6]_repN_1. Optimization improves timing on the net.
INFO: [Physopt 32-619] Estimated Timing Summary | WNS=-1.784 | TNS=-200.204 |
INFO: [Physopt 32-702] Processed net u_ram/memory_reg_7936_8191_23_23/OC. Optimizations did not improve timing on the net.
INFO: [Physopt 32-710] Processed net u_csr/D[4]. Critical path length was reduced through logic transformation on cell u_csr/mem_alu_result[4]_i_1_comp.
INFO: [Physopt 32-735] Processed net u_alu/u_div/ex_alu_op_reg[3]_16. Optimization improves timing on the net.
INFO: [Physopt 32-619] Estimated Timing Summary | WNS=-1.780 | TNS=-193.158 |
INFO: [Physopt 32-663] Processed net mem_alu_result_reg_n_0_[2]_repN_8.  Re-placed instance mem_alu_result_reg[2]_replica_8
INFO: [Physopt 32-735] Processed net mem_alu_result_reg_n_0_[2]_repN_8. Optimization improves timing on the net.
INFO: [Physopt 32-619] Estimated Timing Summary | WNS=-1.777 | TNS=-192.680 |
INFO: [Physopt 32-663] Processed net mem_alu_result_reg_n_0_[2]_repN_7.  Re-placed instance mem_alu_result_reg[2]_replica_7
INFO: [Physopt 32-735] Processed net mem_alu_result_reg_n_0_[2]_repN_7. Optimization improves timing on the net.
INFO: [Physopt 32-619] Estimated Timing Summary | WNS=-1.771 | TNS=-192.604 |
INFO: [Physopt 32-663] Processed net mem_alu_result_reg[12]_rep__1_n_0.  Re-placed instance mem_alu_result_reg[12]_rep__1
INFO: [Physopt 32-735] Processed net mem_alu_result_reg[12]_rep__1_n_0. Optimization improves timing on the net.
INFO: [Physopt 32-619] Estimated Timing Summary | WNS=-1.769 | TNS=-192.151 |
INFO: [Physopt 32-663] Processed net mem_alu_result_reg_n_0_[8]_repN_1.  Re-placed instance mem_alu_result_reg[8]_replica_1
INFO: [Physopt 32-735] Processed net mem_alu_result_reg_n_0_[8]_repN_1. Optimization improves timing on the net.
INFO: [Physopt 32-619] Estimated Timing Summary | WNS=-1.760 | TNS=-192.052 |
INFO: [Physopt 32-663] Processed net mem_alu_result_reg[10]_rep__4_n_0.  Re-placed instance mem_alu_result_reg[10]_rep__4
INFO: [Physopt 32-735] Processed net mem_alu_result_reg[10]_rep__4_n_0. Optimization improves timing on the net.
INFO: [Physopt 32-619] Estimated Timing Summary | WNS=-1.753 | TNS=-191.440 |
INFO: [Physopt 32-663] Processed net mem_alu_result_reg_n_0_[3]_repN_2.  Re-placed instance mem_alu_result_reg[3]_replica_2
INFO: [Physopt 32-735] Processed net mem_alu_result_reg_n_0_[3]_repN_2. Optimization improves timing on the net.
INFO: [Physopt 32-619] Estimated Timing Summary | WNS=-1.750 | TNS=-191.384 |
INFO: [Physopt 32-663] Processed net mem_alu_result_reg[12]_rep_n_0.  Re-placed instance mem_alu_result_reg[12]_rep
INFO: [Physopt 32-735] Processed net mem_alu_result_reg[12]_rep_n_0. Optimization improves timing on the net.
INFO: [Physopt 32-619] Estimated Timing Summary | WNS=-1.744 | TNS=-190.945 |
INFO: [Physopt 32-663] Processed net mem_alu_result_reg_n_0_[3]_repN_3.  Re-placed instance mem_alu_result_reg[3]_replica_3
INFO: [Physopt 32-735] Processed net mem_alu_result_reg_n_0_[3]_repN_3. Optimization improves timing on the net.
INFO: [Physopt 32-619] Estimated Timing Summary | WNS=-1.732 | TNS=-190.371 |
INFO: [Physopt 32-663] Processed net mem_alu_result_reg_n_0_[5]_repN_2.  Re-placed instance mem_alu_result_reg[5]_replica_2
INFO: [Physopt 32-735] Processed net mem_alu_result_reg_n_0_[5]_repN_2. Optimization improves timing on the net.
INFO: [Physopt 32-619] Estimated Timing Summary | WNS=-1.730 | TNS=-189.765 |
INFO: [Physopt 32-663] Processed net mem_alu_result_reg_n_0_[8]_repN_3.  Re-placed instance mem_alu_result_reg[8]_replica_3
INFO: [Physopt 32-735] Processed net mem_alu_result_reg_n_0_[8]_repN_3. Optimization improves timing on the net.
INFO: [Physopt 32-619] Estimated Timing Summary | WNS=-1.728 | TNS=-189.635 |
INFO: [Physopt 32-663] Processed net mem_alu_result_reg_n_0_[2]_repN_15.  Re-placed instance mem_alu_result_reg[2]_replica_15
INFO: [Physopt 32-735] Processed net mem_alu_result_reg_n_0_[2]_repN_15. Optimization improves timing on the net.
INFO: [Physopt 32-619] Estimated Timing Summary | WNS=-1.728 | TNS=-189.617 |
INFO: [Physopt 32-663] Processed net mem_alu_result_reg_n_0_[6]_repN_9.  Re-placed instance mem_alu_result_reg[6]_replica_9
INFO: [Physopt 32-735] Processed net mem_alu_result_reg_n_0_[6]_repN_9. Optimization improves timing on the net.
INFO: [Physopt 32-619] Estimated Timing Summary | WNS=-1.725 | TNS=-189.185 |
INFO: [Physopt 32-663] Processed net mem_alu_result_reg_n_0_[8]_repN.  Re-placed instance mem_alu_result_reg[8]_replica
INFO: [Physopt 32-735] Processed net mem_alu_result_reg_n_0_[8]_repN. Optimization improves timing on the net.
INFO: [Physopt 32-619] Estimated Timing Summary | WNS=-1.724 | TNS=-188.883 |
INFO: [Physopt 32-663] Processed net mem_alu_result_reg_n_0_[5]_repN_10.  Re-placed instance mem_alu_result_reg[5]_replica_10
INFO: [Physopt 32-735] Processed net mem_alu_result_reg_n_0_[5]_repN_10. Optimization improves timing on the net.
INFO: [Physopt 32-619] Estimated Timing Summary | WNS=-1.721 | TNS=-188.760 |
INFO: [Physopt 32-702] Processed net mem_alu_result_reg_n_0_[2]_repN_2. Optimizations did not improve timing on the net.
INFO: [Physopt 32-663] Processed net u_uart_rx/ex_alu_op_reg[3].  Re-placed instance u_uart_rx/mem_alu_result[2]_i_5
INFO: [Physopt 32-735] Processed net u_uart_rx/ex_alu_op_reg[3]. Optimization improves timing on the net.
INFO: [Physopt 32-619] Estimated Timing Summary | WNS=-1.720 | TNS=-188.720 |
INFO: [Physopt 32-663] Processed net mem_alu_result_reg_n_0_[6]_repN.  Re-placed instance mem_alu_result_reg[6]_replica
INFO: [Physopt 32-735] Processed net mem_alu_result_reg_n_0_[6]_repN. Optimization improves timing on the net.
INFO: [Physopt 32-619] Estimated Timing Summary | WNS=-1.719 | TNS=-188.135 |
INFO: [Physopt 32-710] Processed net u_csr/D[2]. Critical path length was reduced through logic transformation on cell u_csr/mem_alu_result[2]_i_1_comp.
INFO: [Physopt 32-735] Processed net u_alu/u_div/ex_alu_op_reg[3]_28. Optimization improves timing on the net.
INFO: [Physopt 32-619] Estimated Timing Summary | WNS=-1.719 | TNS=-182.200 |
INFO: [Physopt 32-663] Processed net mem_alu_result_reg_n_0_[3]_repN_11.  Re-placed instance mem_alu_result_reg[3]_replica_11
INFO: [Physopt 32-735] Processed net mem_alu_result_reg_n_0_[3]_repN_11. Optimization improves timing on the net.
INFO: [Physopt 32-619] Estimated Timing Summary | WNS=-1.715 | TNS=-182.097 |
INFO: [Physopt 32-663] Processed net mem_alu_result_reg_n_0_[3]_repN.  Re-placed instance mem_alu_result_reg[3]_replica
INFO: [Physopt 32-735] Processed net mem_alu_result_reg_n_0_[3]_repN. Optimization improves timing on the net.
INFO: [Physopt 32-619] Estimated Timing Summary | WNS=-1.705 | TNS=-181.933 |
INFO: [Physopt 32-663] Processed net mem_alu_result_reg_n_0_[3]_repN_1.  Re-placed instance mem_alu_result_reg[3]_replica_1
INFO: [Physopt 32-735] Processed net mem_alu_result_reg_n_0_[3]_repN_1. Optimization improves timing on the net.
INFO: [Physopt 32-619] Estimated Timing Summary | WNS=-1.705 | TNS=-181.887 |
INFO: [Physopt 32-663] Processed net mem_alu_result_reg_n_0_[7].  Re-placed instance mem_alu_result_reg[7]
INFO: [Physopt 32-735] Processed net mem_alu_result_reg_n_0_[7]. Optimization improves timing on the net.
INFO: [Physopt 32-619] Estimated Timing Summary | WNS=-1.698 | TNS=-181.777 |
INFO: [Common 17-14] Message 'Physopt 32-619' appears 100 times and further instances of the messages will be disabled. Use the Tcl command set_msg_config to change the current settings.
INFO: [Physopt 32-663] Processed net mem_alu_result_reg_n_0_[6]_repN_2.  Re-placed instance mem_alu_result_reg[6]_replica_2
INFO: [Physopt 32-735] Processed net mem_alu_result_reg_n_0_[6]_repN_2. Optimization improves timing on the net.
INFO: [Physopt 32-663] Processed net mem_alu_result_reg_n_0_[6]_repN_8.  Re-placed instance mem_alu_result_reg[6]_replica_8
INFO: [Physopt 32-735] Processed net mem_alu_result_reg_n_0_[6]_repN_8. Optimization improves timing on the net.
INFO: [Physopt 32-702] Processed net mem_alu_result_reg_n_0_[3]_repN_2. Optimizations did not improve timing on the net.
INFO: [Physopt 32-663] Processed net mem_alu_result_reg_n_0_[4]_repN_24.  Re-placed instance mem_alu_result_reg[4]_replica_24
INFO: [Physopt 32-735] Processed net mem_alu_result_reg_n_0_[4]_repN_24. Optimization improves timing on the net.
INFO: [Common 17-14] Message 'Physopt 32-735' appears 100 times and further instances of the messages will be disabled. Use the Tcl command set_msg_config to change the current settings.
INFO: [Physopt 32-663] Processed net mem_alu_result_reg_n_0_[4]_repN_2.  Re-placed instance mem_alu_result_reg[4]_replica_2
INFO: [Physopt 32-663] Processed net mem_alu_result_reg_n_0_[2]_repN_2.  Re-placed instance mem_alu_result_reg[2]_replica_2
INFO: [Physopt 32-663] Processed net mem_alu_result_reg_n_0_[4]_repN_3.  Re-placed instance mem_alu_result_reg[4]_replica_3
INFO: [Physopt 32-702] Processed net u_ram/memory_reg_7936_8191_23_23/OC. Optimizations did not improve timing on the net.
INFO: [Physopt 32-702] Processed net u_alu/u_div/ex_alu_op_reg[3]_15. Optimizations did not improve timing on the net.
INFO: [Physopt 32-608] Optimized 1 net.  Swapped 22 pins.
INFO: [Physopt 32-663] Processed net mem_alu_result_reg_n_0_[5]_repN_13.  Re-placed instance mem_alu_result_reg[5]_replica_13
INFO: [Physopt 32-663] Processed net mem_alu_result_reg_n_0_[9]_repN_3.  Re-placed instance mem_alu_result_reg[9]_replica_3
INFO: [Physopt 32-663] Processed net mem_alu_result_reg_n_0_[8]_repN_2.  Re-placed instance mem_alu_result_reg[8]_replica_2
INFO: [Physopt 32-663] Processed net mem_alu_result_reg_n_0_[9]_repN_2.  Re-placed instance mem_alu_result_reg[9]_replica_2
INFO: [Physopt 32-663] Processed net mem_alu_result_reg_n_0_[9]_repN.  Re-placed instance mem_alu_result_reg[9]_replica
INFO: [Physopt 32-663] Processed net mem_alu_result_reg_n_0_[8]_repN_1.  Re-placed instance mem_alu_result_reg[8]_replica_1
INFO: [Physopt 32-663] Processed net mem_alu_result_reg_n_0_[5]_repN_15.  Re-placed instance mem_alu_result_reg[5]_replica_15
INFO: [Physopt 32-663] Processed net mem_alu_result_reg_n_0_[2]_repN_2.  Re-placed instance mem_alu_result_reg[2]_replica_2
INFO: [Common 17-14] Message 'Physopt 32-663' appears 100 times and further instances of the messages will be disabled. Use the Tcl command set_msg_config to change the current settings.
INFO: [Physopt 32-702] Processed net mem_alu_result_reg_n_0_[7]. Optimizations did not improve timing on the net.
INFO: [Physopt 32-702] Processed net u_alu/u_div/ex_alu_op_reg[3]_25. Optimizations did not improve timing on the net.
Netlist sorting complete. Time (s): cpu = 00:00:00.05 ; elapsed = 00:00:00.05 . Memory (MB): peak = 2881.652 ; gain = 0.000 ; free physical = 6935 ; free virtual = 24230
Phase 3 Critical Path Optimization | Checksum: 1f6d6a68d

Time (s): cpu = 00:16:33 ; elapsed = 00:08:15 . Memory (MB): peak = 2881.652 ; gain = 0.000 ; free physical = 6935 ; free virtual = 24230

Phase 4 Critical Path Optimization
INFO: [Physopt 32-702] Processed net mem_alu_result_reg_n_0_[4]_repN_24. Optimizations did not improve timing on the net.
INFO: [Physopt 32-702] Processed net mem_alu_result_reg_n_0_[4]_repN_3. Optimizations did not improve timing on the net.
INFO: [Physopt 32-702] Processed net mem_alu_result_reg[10]_rep_n_0. Optimizations did not improve timing on the net.
INFO: [Physopt 32-702] Processed net mem_alu_result_reg_n_0_[5]_repN_3. Optimizations did not improve timing on the net.
INFO: [Physopt 32-710] Processed net u_csr/D[5]. Critical path length was reduced through logic transformation on cell u_csr/mem_alu_result[5]_i_1_comp.
INFO: [Physopt 32-702] Processed net mem_alu_result_reg_n_0_[6]_repN_8. Optimizations did not improve timing on the net.
INFO: [Physopt 32-81] Processed net mem_alu_result_reg_n_0_[7]. Replicated 1 times.
INFO: [Physopt 32-702] Processed net mem_alu_result_reg_n_0_[3]_repN_1. Optimizations did not improve timing on the net.
INFO: [Physopt 32-710] Processed net u_csr/D[6]. Critical path length was reduced through logic transformation on cell u_csr/mem_alu_result[6]_i_1_comp.
INFO: [Physopt 32-702] Processed net mem_alu_result_reg_n_0_[7]. Optimizations did not improve timing on the net.
INFO: [Physopt 32-710] Processed net u_csr/D[7]. Critical path length was reduced through logic transformation on cell u_csr/mem_alu_result[7]_i_1_comp.
INFO: [Physopt 32-702] Processed net mem_alu_result_reg_n_0_[8]_repN_3. Optimizations did not improve timing on the net.
INFO: [Physopt 32-710] Processed net u_csr/D[8]. Critical path length was reduced through logic transformation on cell u_csr/mem_alu_result[8]_i_1_comp.
INFO: [Physopt 32-710] Processed net u_csr/D[3]. Critical path length was reduced through logic transformation on cell u_csr/mem_alu_result[3]_i_1_comp.
INFO: [Physopt 32-702] Processed net mem_alu_result_reg_n_0_[2]_repN_2. Optimizations did not improve timing on the net.
INFO: [Physopt 32-702] Processed net mem_alu_result_reg[12]_rep__2_n_0. Optimizations did not improve timing on the net.
INFO: [Physopt 32-710] Processed net u_csr/D[2]. Critical path length was reduced through logic transformation on cell u_csr/mem_alu_result[2]_i_1_comp_1.
INFO: [Physopt 32-710] Processed net u_csr/D[5]. Critical path length was reduced through logic transformation on cell u_csr/mem_alu_result[5]_i_1_comp_1.
INFO: [Physopt 32-702] Processed net u_uart_rx/ex_alu_op_reg[3]. Optimizations did not improve timing on the net.
INFO: [Physopt 32-710] Processed net u_uart_rx/ex_alu_op_reg[3]. Critical path length was reduced through logic transformation on cell u_uart_rx/mem_alu_result[2]_i_5_comp.
INFO: [Physopt 32-702] Processed net mem_alu_result_reg[12]_rep__0_n_0. Optimizations did not improve timing on the net.
INFO: [Physopt 32-710] Processed net u_csr/ex_alu_op_reg[3]_6. Critical path length was reduced through logic transformation on cell u_csr/mem_alu_result[12]_rep__0_i_1_comp.
INFO: [Physopt 32-702] Processed net mem_alu_result_reg[12]_rep_n_0. Optimizations did not improve timing on the net.
INFO: [Physopt 32-710] Processed net u_csr/ex_alu_op_reg[3]_5. Critical path length was reduced through logic transformation on cell u_csr/mem_alu_result[12]_rep_i_1_comp.
INFO: [Physopt 32-710] Processed net u_csr/D[6]. Critical path length was reduced through logic transformation on cell u_csr/mem_alu_result[6]_i_1_comp_1.
INFO: [Physopt 32-702] Processed net mem_alu_result_reg_n_0_[9]_repN_2. Optimizations did not improve timing on the net.
INFO: [Physopt 32-710] Processed net u_csr/D[9]. Critical path length was reduced through logic transformation on cell u_csr/mem_alu_result[9]_i_1_comp.
INFO: [Physopt 32-702] Processed net u_uart_rx/ex_alu_op_reg[3]_0. Optimizations did not improve timing on the net.
INFO: [Physopt 32-702] Processed net mem_alu_result_reg_n_0_[13]. Optimizations did not improve timing on the net.
INFO: [Physopt 32-710] Processed net u_csr/D[13]. Critical path length was reduced through logic transformation on cell u_csr/mem_alu_result[13]_i_1_comp.
INFO: [Physopt 32-710] Processed net u_csr/ex_alu_op_reg[3]_8. Critical path length was reduced through logic transformation on cell u_csr/mem_alu_result[12]_rep__2_i_1_comp.
INFO: [Physopt 32-702] Processed net mem_alu_result_reg[12]_rep__1_n_0. Optimizations did not improve timing on the net.
INFO: [Physopt 32-710] Processed net u_csr/ex_alu_op_reg[3]_7. Critical path length was reduced through logic transformation on cell u_csr/mem_alu_result[12]_rep__1_i_1_comp.
INFO: [Physopt 32-710] Processed net u_uart_rx/ex_alu_op_reg[3]_0. Critical path length was reduced through logic transformation on cell u_uart_rx/mem_alu_result[3]_i_5_comp.
INFO: [Physopt 32-702] Processed net u_uart_rx/ex_alu_op_reg[3]_3. Optimizations did not improve timing on the net.
INFO: [Physopt 32-710] Processed net u_uart_rx/ex_alu_op_reg[3]_3. Critical path length was reduced through logic transformation on cell u_uart_rx/mem_alu_result[6]_i_5_comp.
INFO: [Physopt 32-702] Processed net u_alu/mem_alu_result[7]_i_13_n_0. Optimizations did not improve timing on the net.
INFO: [Physopt 32-702] Processed net u_alu/data9[7]. Optimizations did not improve timing on the net.
INFO: [Physopt 32-702] Processed net u_alu/mem_alu_result_reg[3]_i_23_n_0. Optimizations did not improve timing on the net.
INFO: [Physopt 32-702] Processed net u_alu/mem_alu_result_reg[30]_i_27_n_0. Optimizations did not improve timing on the net.
INFO: [Physopt 32-702] Processed net u_alu/mem_alu_result_reg[27]_i_22_n_0. Optimizations did not improve timing on the net.
INFO: [Physopt 32-702] Processed net u_alu/mem_alu_result_reg[23]_i_23_n_0. Optimizations did not improve timing on the net.
INFO: [Physopt 32-608] Optimized 1 net.  Swapped 11 pins.
INFO: [Physopt 32-702] Processed net u_alu/mem_alu_result_reg[19]_i_25_n_0. Optimizations did not improve timing on the net.
INFO: [Physopt 32-608] Optimized 1 net.  Swapped 10 pins.
INFO: [Physopt 32-710] Processed net u_csr/D[3]. Critical path length was reduced through logic transformation on cell u_csr/mem_alu_result[3]_i_1_comp_1.
INFO: [Physopt 32-702] Processed net u_alu/data11[7]. Optimizations did not improve timing on the net.
INFO: [Physopt 32-702] Processed net u_alu/mem_alu_result_reg[3]_i_21_n_0. Optimizations did not improve timing on the net.
INFO: [Physopt 32-702] Processed net u_alu/mem_alu_result_reg[3]_i_29_n_0. Optimizations did not improve timing on the net.
INFO: [Physopt 32-702] Processed net u_alu/mem_alu_result_reg[3]_i_47_n_0. Optimizations did not improve timing on the net.
INFO: [Physopt 32-702] Processed net u_alu/mem_alu_result_reg[3]_i_57_n_0. Optimizations did not improve timing on the net.
INFO: [Physopt 32-702] Processed net u_alu/mem_alu_result_reg[3]_i_67_n_0. Optimizations did not improve timing on the net.
INFO: [Physopt 32-608] Optimized 1 net.  Swapped 9 pins.
INFO: [Physopt 32-702] Processed net u_uart_rx/ex_alu_op_reg[3]_1. Optimizations did not improve timing on the net.
INFO: [Physopt 32-710] Processed net u_uart_rx/ex_alu_op_reg[3]_1. Critical path length was reduced through logic transformation on cell u_uart_rx/mem_alu_result[4]_i_5_comp.
INFO: [Physopt 32-702] Processed net u_uart_rx/ex_alu_op_reg[3]_2. Optimizations did not improve timing on the net.
INFO: [Physopt 32-710] Processed net u_uart_rx/ex_alu_op_reg[3]_2. Critical path length was reduced through logic transformation on cell u_uart_rx/mem_alu_result[5]_i_5_comp.
INFO: [Physopt 32-702] Processed net mem_alu_result_reg[13]_rep__0_n_0. Optimizations did not improve timing on the net.
INFO: [Physopt 32-608] Optimized 1 net.  Swapped 11 pins.
INFO: [Physopt 32-702] Processed net u_alu/mem_alu_result[19]_i_35_n_0. Optimizations did not improve timing on the net.
INFO: [Physopt 32-81] Processed net u_csr/D[7]. Replicated 3 times.
INFO: [Physopt 32-702] Processed net mem_alu_result_reg[15]_rep_n_0. Optimizations did not improve timing on the net.
INFO: [Physopt 32-710] Processed net u_csr/ex_alu_op_reg[3]_9. Critical path length was reduced through logic transformation on cell u_csr/mem_alu_result[10]_rep_i_1_comp_1.
INFO: [Physopt 32-710] Processed net u_csr/D[4]. Critical path length was reduced through logic transformation on cell u_csr/mem_alu_result[4]_i_1_comp_1.
INFO: [Physopt 32-710] Processed net u_csr/D[8]. Critical path length was reduced through logic transformation on cell u_csr/mem_alu_result[8]_i_1_comp_1.
INFO: [Physopt 32-702] Processed net u_alu/mem_alu_result[8]_i_12_n_0. Optimizations did not improve timing on the net.
INFO: [Physopt 32-702] Processed net u_alu/data9[8]. Optimizations did not improve timing on the net.
INFO: [Physopt 32-702] Processed net u_alu/mem_alu_result_reg[7]_i_24_n_0. Optimizations did not improve timing on the net.
INFO: [Physopt 32-702] Processed net u_csr/D[8]. Optimizations did not improve timing on the net.
INFO: [Physopt 32-702] Processed net u_alu/p_1_in[17]. Optimizations did not improve timing on the net.
INFO: [Physopt 32-702] Processed net u_uart_rx/ex_imm_reg[7][3]. Optimizations did not improve timing on the net.
INFO: [Physopt 32-710] Processed net u_uart_rx/ex_imm_reg[7][3]. Critical path length was reduced through logic transformation on cell u_uart_rx/full_mul_ss_i_25_comp.
INFO: [Physopt 32-710] Processed net u_csr/ex_alu_op_reg[3]_0. Critical path length was reduced through logic transformation on cell u_csr/mem_alu_result[13]_rep__0_i_1_comp.
INFO: [Physopt 32-702] Processed net u_uart_rx/ex_imm_reg[7][2]. Optimizations did not improve timing on the net.
INFO: [Physopt 32-710] Processed net u_uart_rx/ex_imm_reg[7][2]. Critical path length was reduced through logic transformation on cell u_uart_rx/full_mul_ss_i_27_comp.
INFO: [Physopt 32-702] Processed net u_csr/alu_in_a_final[5]. Optimizations did not improve timing on the net.
INFO: [Physopt 32-710] Processed net u_csr/alu_in_a_final[5]. Critical path length was reduced through logic transformation on cell u_csr/full_mul_ss__1_i_10_comp.
INFO: [Physopt 32-702] Processed net mem_alu_result_reg[14]_rep__1_n_0. Optimizations did not improve timing on the net.
